locus_tag	ftype	length_bp	gene	EC_number	COG	product
OBCHJMAI_00001	CDS	189				hypothetical protein
OBCHJMAI_00002	tRNA	75				tRNA-His(gtg)
OBCHJMAI_00003	CDS	1563		3.4.11.24	COG2234	Aminopeptidase S
OBCHJMAI_00004	CDS	522				hypothetical protein
OBCHJMAI_00005	CDS	513				hypothetical protein
OBCHJMAI_00006	CDS	525				hypothetical protein
OBCHJMAI_00007	CDS	726	drgA			Protein DrgA
OBCHJMAI_00008	CDS	687				hypothetical protein
OBCHJMAI_00009	CDS	2892				hypothetical protein
OBCHJMAI_00010	CDS	756				hypothetical protein
OBCHJMAI_00011	CDS	1032	pkn1_1	2.7.11.1	COG0515	Serine/threonine-protein kinase pkn1
OBCHJMAI_00012	CDS	4125	tmoS	2.7.13.3		Sensor histidine kinase TmoS
OBCHJMAI_00013	CDS	462				hypothetical protein
OBCHJMAI_00014	CDS	492				hypothetical protein
OBCHJMAI_00015	CDS	738	truA_1	5.4.99.12	COG0101	tRNA pseudouridine synthase A
OBCHJMAI_00016	CDS	1764			COG1132	putative ABC transporter ATP-binding protein
OBCHJMAI_00017	CDS	786	cdaA	2.7.7.85	COG1624	Cyclic di-AMP synthase CdaA
OBCHJMAI_00018	CDS	834	folP	2.5.1.15	COG0294	Dihydropteroate synthase
OBCHJMAI_00019	CDS	537				hypothetical protein
OBCHJMAI_00020	CDS	1104				hypothetical protein
OBCHJMAI_00021	CDS	1071	dppB		COG0601	Dipeptide transport system permease protein DppB
OBCHJMAI_00022	CDS	753	tpiA	5.3.1.1		Triosephosphate isomerase
OBCHJMAI_00023	CDS	840	prmA	2.1.1.-	COG2264	Ribosomal protein L11 methyltransferase
OBCHJMAI_00024	CDS	1413		3.-.-.-		putative metallo-hydrolase
OBCHJMAI_00025	CDS	141				hypothetical protein
OBCHJMAI_00026	CDS	240				hypothetical protein
OBCHJMAI_00027	CDS	798	yddE	5.1.-.-	COG0384	putative isomerase YddE
OBCHJMAI_00028	CDS	1029	futA1			Iron uptake protein A1
OBCHJMAI_00029	CDS	1614				hypothetical protein
OBCHJMAI_00030	CDS	960	fbpC	3.6.3.30		Fe(3+) ions import ATP-binding protein FbpC
OBCHJMAI_00031	CDS	2133	fecA		COG4772	Fe(3+) dicitrate transport protein FecA
OBCHJMAI_00032	CDS	1422				hypothetical protein
OBCHJMAI_00033	CDS	1083				hypothetical protein
OBCHJMAI_00034	CDS	1209				hypothetical protein
OBCHJMAI_00035	CDS	669				hypothetical protein
OBCHJMAI_00036	tRNA	75				tRNA-Arg(acg)
OBCHJMAI_00037	CDS	123				hypothetical protein
OBCHJMAI_00038	CDS	375	rpsL		COG0048	30S ribosomal protein S12
OBCHJMAI_00039	CDS	477	rpsG		COG0049	30S ribosomal protein S7
OBCHJMAI_00040	CDS	2130	fusA		COG0480	Elongation factor G
OBCHJMAI_00041	CDS	306	rpsJ		COG0051	30S ribosomal protein S10
OBCHJMAI_00042	CDS	618	rplC		COG0087	50S ribosomal protein L3
OBCHJMAI_00043	CDS	630	rplD			50S ribosomal protein L4
OBCHJMAI_00044	CDS	291	rplW		COG0089	50S ribosomal protein L23
OBCHJMAI_00045	CDS	825	rplB			50S ribosomal protein L2
OBCHJMAI_00046	CDS	279	rpsS			30S ribosomal protein S19
OBCHJMAI_00047	CDS	411	rplV		COG0091	50S ribosomal protein L22
OBCHJMAI_00048	CDS	717	rpsC		COG0092	30S ribosomal protein S3
OBCHJMAI_00049	CDS	420	rplP		COG0197	50S ribosomal protein L16
OBCHJMAI_00050	CDS	192	rpmC		COG0255	50S ribosomal protein L29
OBCHJMAI_00051	CDS	258	rpsQ			30S ribosomal protein S17
OBCHJMAI_00052	CDS	369	rplN			50S ribosomal protein L14
OBCHJMAI_00053	CDS	312	rplX			50S ribosomal protein L24
OBCHJMAI_00054	CDS	552	rplE			50S ribosomal protein L5
OBCHJMAI_00055	CDS	270	rpsN2		COG0199	Alternate 30S ribosomal protein S14
OBCHJMAI_00056	CDS	399	rpsH		COG0096	30S ribosomal protein S8
OBCHJMAI_00057	CDS	543	rplF			50S ribosomal protein L6
OBCHJMAI_00058	CDS	354	rplR		COG0256	50S ribosomal protein L18
OBCHJMAI_00059	CDS	516	rpsE		COG0098	30S ribosomal protein S5
OBCHJMAI_00060	CDS	180	rpmD		COG1841	50S ribosomal protein L30
OBCHJMAI_00061	CDS	453	rplO		COG0200	50S ribosomal protein L15
OBCHJMAI_00062	CDS	1353	secY		COG0201	Protein translocase subunit SecY
OBCHJMAI_00063	CDS	216	infA		COG0361	Translation initiation factor IF-1
OBCHJMAI_00064	CDS	375	rpsM		COG0099	30S ribosomal protein S13
OBCHJMAI_00065	CDS	384	rpsK		COG0100	30S ribosomal protein S11
OBCHJMAI_00066	CDS	606	rpsD			30S ribosomal protein S4
OBCHJMAI_00067	CDS	993	rpoA	2.7.7.6	COG0202	DNA-directed RNA polymerase subunit alpha
OBCHJMAI_00068	CDS	642	rplQ		COG0203	50S ribosomal protein L17
OBCHJMAI_00069	CDS	714				hypothetical protein
OBCHJMAI_00070	CDS	1101	carA	6.3.5.5	COG0505	Carbamoyl-phosphate synthase small chain
OBCHJMAI_00071	CDS	1287	eno	4.2.1.11	COG0148	Enolase
OBCHJMAI_00072	CDS	1296	gltA2	2.3.3.16	COG0372	Citrate synthase 1
OBCHJMAI_00073	CDS	930	arcA	3.5.3.6		Arginine deiminase
OBCHJMAI_00074	CDS	924				hypothetical protein
OBCHJMAI_00075	CDS	1773	argS	6.1.1.19	COG0018	Arginine--tRNA ligase
OBCHJMAI_00076	CDS	717				Green-light absorbing proteorhodopsin
OBCHJMAI_00077	CDS	789				hypothetical protein
OBCHJMAI_00078	CDS	1014				hypothetical protein
OBCHJMAI_00079	CDS	1332	ffh		COG0541	Signal recognition particle protein
OBCHJMAI_00080	CDS	867	folD		COG0190	Bifunctional protein FolD protein
OBCHJMAI_00081	CDS	429				hypothetical protein
OBCHJMAI_00082	CDS	714	rluF	5.4.99.21	COG1187	23S rRNA pseudouridine(2604) synthase
OBCHJMAI_00083	CDS	555				hypothetical protein
OBCHJMAI_00084	CDS	630	queE	4.3.99.3		7-carboxy-7-deazaguanine synthase
OBCHJMAI_00085	CDS	1671	asnB	6.3.5.4	COG0367	Asparagine synthetase B [glutamine-hydrolyzing]
OBCHJMAI_00086	CDS	1935	gyrB	5.99.1.3	COG0187	DNA gyrase subunit B
OBCHJMAI_00087	CDS	927	mdh	1.1.1.37		Malate dehydrogenase
OBCHJMAI_00088	CDS	2952	secDF		COG0341	Protein translocase subunit SecDF
OBCHJMAI_00089	CDS	282				hypothetical protein
OBCHJMAI_00090	CDS	816	lgt	2.4.99.-	COG0682	Prolipoprotein diacylglyceryl transferase
OBCHJMAI_00091	CDS	237	yidD		COG0759	Putative membrane protein insertion efficiency factor
OBCHJMAI_00092	CDS	1482	cysS	6.1.1.16	COG0215	Cysteine--tRNA ligase
OBCHJMAI_00093	CDS	687	folE	3.5.4.16	COG0302	GTP cyclohydrolase 1
OBCHJMAI_00094	CDS	480				hypothetical protein
OBCHJMAI_00095	CDS	195				hypothetical protein
OBCHJMAI_00096	CDS	165				hypothetical protein
OBCHJMAI_00097	CDS	708	lipB	2.3.1.181	COG0321	Octanoyltransferase
OBCHJMAI_00098	CDS	2304				hypothetical protein
OBCHJMAI_00099	CDS	600	rnhB	3.1.26.4	COG0164	Ribonuclease HII
OBCHJMAI_00100	CDS	1980				hypothetical protein
OBCHJMAI_00101	rRNA	974				16S ribosomal RNA (partial)
OBCHJMAI_00102	CDS	309	lysS	6.1.1.6		Lysine--tRNA ligase
OBCHJMAI_00103	CDS	318				hypothetical protein
OBCHJMAI_00104	CDS	1290	hemL	5.4.3.8	COG0001	Glutamate-1-semialdehyde 2,1-aminomutase
OBCHJMAI_00105	CDS	783	lytG	3.2.1.-	COG1705	Exo-glucosaminidase LytG
OBCHJMAI_00106	CDS	915	dcyD	4.4.1.15	COG2515	D-cysteine desulfhydrase
OBCHJMAI_00107	CDS	1980	hutU	4.2.1.49	COG2987	Urocanate hydratase
OBCHJMAI_00108	CDS	516				hypothetical protein
OBCHJMAI_00109	CDS	1032	gsiD		COG1173	Glutathione transport system permease protein GsiD
OBCHJMAI_00110	CDS	2109	prc	3.4.21.102	COG0793	Tail-specific protease
OBCHJMAI_00111	CDS	840	surE	3.1.3.5	COG0496	5'-nucleotidase SurE
OBCHJMAI_00112	CDS	282				hypothetical protein
OBCHJMAI_00113	CDS	1134	lpxB	2.4.1.182	COG0763	Lipid-A-disaccharide synthase
OBCHJMAI_00114	CDS	534	dsbD_1	1.8.1.8		Thiol:disulfide interchange protein DsbD
OBCHJMAI_00115	CDS	1755	dtpT_1		COG3104	Di-/tripeptide transporter
OBCHJMAI_00116	CDS	1350	dtpT_2		COG3104	Di-/tripeptide transporter
OBCHJMAI_00117	CDS	1302	mvaA	1.1.1.88		3-hydroxy-3-methylglutaryl-coenzyme A reductase
OBCHJMAI_00118	CDS	918				hypothetical protein
OBCHJMAI_00119	CDS	2148	surA_1	5.2.1.8		Chaperone SurA
OBCHJMAI_00120	CDS	1284				hypothetical protein
OBCHJMAI_00121	CDS	189				hypothetical protein
OBCHJMAI_00122	CDS	528	lptC			Lipopolysaccharide export system protein LptC
OBCHJMAI_00123	CDS	1380	ycf3_1			Photosystem I assembly protein Ycf3
OBCHJMAI_00124	CDS	1305				hypothetical protein
OBCHJMAI_00125	CDS	573	coaX	2.7.1.33	COG1521	Type III pantothenate kinase
OBCHJMAI_00126	CDS	522	grpE			Protein GrpE
OBCHJMAI_00127	CDS	906				Epimerase family protein
OBCHJMAI_00128	CDS	1062	ilvK	2.6.1.42	COG0115	Branched-chain-amino-acid aminotransferase 2
OBCHJMAI_00129	CDS	375				hypothetical protein
OBCHJMAI_00130	CDS	186				hypothetical protein
OBCHJMAI_00131	CDS	2013				hypothetical protein
OBCHJMAI_00132	CDS	144				hypothetical protein
OBCHJMAI_00133	CDS	606				hypothetical protein
OBCHJMAI_00134	CDS	2523				hypothetical protein
OBCHJMAI_00135	CDS	1584	hutI_1	3.5.2.7		Imidazolonepropionase
OBCHJMAI_00136	CDS	924	pqqB			Coenzyme PQQ synthesis protein B
OBCHJMAI_00137	CDS	828	pyrF	4.1.1.23	COG0284	Orotidine 5'-phosphate decarboxylase
OBCHJMAI_00138	CDS	1077	prfA		COG0216	Peptide chain release factor RF1
OBCHJMAI_00139	CDS	1188	purM	6.3.3.1	COG0150	Phosphoribosylformylglycinamidine cyclo-ligase
OBCHJMAI_00140	CDS	1287	yagG		COG2211	Putative glycoside/cation symporter YagG
OBCHJMAI_00141	CDS	1044	xsa			Xylosidase/arabinosidase
OBCHJMAI_00142	CDS	999	mro	5.1.3.3	COG2017	Aldose 1-epimerase
OBCHJMAI_00143	CDS	1419	xylE			D-xylose-proton symporter
OBCHJMAI_00144	CDS	1326	xylA	5.3.1.5	COG2115	Xylose isomerase
OBCHJMAI_00145	CDS	1482	xylB	2.7.1.17	COG1070	Xylulose kinase
OBCHJMAI_00146	CDS	1620				hypothetical protein
OBCHJMAI_00147	CDS	2064	gcvP	1.4.4.2		Glycine dehydrogenase (decarboxylating)
OBCHJMAI_00148	CDS	1059	fabH_1	2.3.1.180	COG0332	3-oxoacyl-[acyl-carrier-protein] synthase 3
OBCHJMAI_00149	CDS	594				hypothetical protein
OBCHJMAI_00150	CDS	852	pgaC	2.4.1.-	COG1215	Poly-beta-1,6-N-acetyl-D-glucosamine synthase
OBCHJMAI_00151	CDS	942	thadh	4.3.1.16		L-threo-3-hydroxyaspartate ammonia-lyase
OBCHJMAI_00152	CDS	384				hypothetical protein
OBCHJMAI_00153	CDS	2619	alaS	6.1.1.7	COG0013	Alanine--tRNA ligase
OBCHJMAI_00154	CDS	972	mepM_1	3.4.24.-	COG0739	Murein DD-endopeptidase MepM
OBCHJMAI_00155	CDS	330	carH			HTH-type transcriptional repressor CarH
OBCHJMAI_00156	CDS	1302	der		COG1160	GTPase Der
OBCHJMAI_00157	CDS	756				hypothetical protein
OBCHJMAI_00158	CDS	675				hypothetical protein
OBCHJMAI_00159	CDS	879	era			GTPase Era
OBCHJMAI_00160	CDS	1161	purT	2.1.2.-	COG0027	Formate-dependent phosphoribosylglycinamide formyltransferase
OBCHJMAI_00161	CDS	1341	amt			Ammonia channel
OBCHJMAI_00162	CDS	1302	thrC	4.2.3.1	COG0498	Threonine synthase
OBCHJMAI_00163	CDS	921	thrB_1	2.7.1.39		Homoserine kinase
OBCHJMAI_00164	CDS	3207		3.2.1.4		Endoglucanase C307
OBCHJMAI_00165	CDS	1203				hypothetical protein
OBCHJMAI_00166	CDS	1896				hypothetical protein
OBCHJMAI_00167	CDS	3111	susC_1			TonB-dependent receptor SusC
OBCHJMAI_00168	CDS	1623				hypothetical protein
OBCHJMAI_00169	CDS	906	yjiA		COG0523	putative GTP-binding protein YjiA
OBCHJMAI_00170	CDS	1548				hypothetical protein
OBCHJMAI_00171	CDS	1092	ald	1.4.1.1	COG0686	Alanine dehydrogenase
OBCHJMAI_00172	CDS	1845	glmS	2.6.1.16	COG0449	Glutamine--fructose-6-phosphate aminotransferase [isomerizing]
OBCHJMAI_00173	CDS	1662				hypothetical protein
OBCHJMAI_00174	CDS	813	glgA	2.4.1.21	COG0297	Glycogen synthase
OBCHJMAI_00175	CDS	837	panC	6.3.2.1	COG0414	Pantothenate synthetase
OBCHJMAI_00176	CDS	351	panD	4.1.1.11	COG0853	Aspartate 1-decarboxylase
OBCHJMAI_00177	CDS	969				hypothetical protein
OBCHJMAI_00178	CDS	1146				hypothetical protein
OBCHJMAI_00179	CDS	1359	radA	3.6.4.-	COG1066	DNA repair protein RadA
OBCHJMAI_00180	CDS	3399	ileS	6.1.1.5	COG0060	Isoleucine--tRNA ligase
OBCHJMAI_00181	CDS	384	yocK		COG1734	General stress protein 16O
OBCHJMAI_00182	CDS	1800	uvrC		COG0322	UvrABC system protein C
OBCHJMAI_00183	CDS	765				hypothetical protein
OBCHJMAI_00184	CDS	951				hypothetical protein
OBCHJMAI_00185	CDS	3288	susC_2			TonB-dependent receptor SusC
OBCHJMAI_00186	CDS	1785				hypothetical protein
OBCHJMAI_00187	CDS	921				hypothetical protein
OBCHJMAI_00188	CDS	3267				hypothetical protein
OBCHJMAI_00189	CDS	735		2.1.1.-		Putative TrmH family tRNA/rRNA methyltransferase
OBCHJMAI_00190	CDS	666				hypothetical protein
OBCHJMAI_00191	CDS	450	yjjG	3.1.3.5	COG1011	Pyrimidine 5'-nucleotidase YjjG
OBCHJMAI_00192	CDS	99				hypothetical protein
OBCHJMAI_00193	CDS	585	carQ		COG1595	RNA polymerase sigma factor CarQ
OBCHJMAI_00194	CDS	177				hypothetical protein
OBCHJMAI_00195	CDS	651	nth	4.2.99.18	COG0177	Endonuclease III
OBCHJMAI_00196	CDS	456	bcp	1.11.1.15	COG1225	Peroxiredoxin Bcp
OBCHJMAI_00197	CDS	1428				hypothetical protein
OBCHJMAI_00198	CDS	768	phnP	3.1.4.55	COG1235	Phosphoribosyl 1,2-cyclic phosphate phosphodiesterase
OBCHJMAI_00199	CDS	657	estB	3.1.1.1	COG0400	Carboxylesterase 2
OBCHJMAI_00200	CDS	1251	pyrC_1	3.5.2.3	COG0044	Dihydroorotase
OBCHJMAI_00201	CDS	1014	wfgD	2.4.1.305		UDP-Glc:alpha-D-GlcNAc-diphosphoundecaprenol beta-1,3-glucosyltransferase WfgD
OBCHJMAI_00202	CDS	1239				hypothetical protein
OBCHJMAI_00203	CDS	1488				hypothetical protein
OBCHJMAI_00204	CDS	777				hypothetical protein
OBCHJMAI_00205	CDS	657	lolD	3.6.3.-	COG1136	Lipoprotein-releasing system ATP-binding protein LolD
OBCHJMAI_00206	CDS	537	msrA	1.8.4.11	COG0225	Peptide methionine sulfoxide reductase MsrA
OBCHJMAI_00207	CDS	360				hypothetical protein
OBCHJMAI_00208	CDS	951		1.1.1.81	COG0111	Hydroxypyruvate reductase
OBCHJMAI_00209	CDS	1065	serC	2.6.1.52	COG1932	Phosphoserine aminotransferase
OBCHJMAI_00210	CDS	1032				hypothetical protein
OBCHJMAI_00211	CDS	354	fdx		COG1145	Ferredoxin
OBCHJMAI_00212	CDS	1095	ychF		COG0012	Ribosome-binding ATPase YchF
OBCHJMAI_00213	CDS	1860	parE	5.99.1.3	COG0187	DNA topoisomerase 4 subunit B
OBCHJMAI_00214	CDS	2565				hypothetical protein
OBCHJMAI_00215	CDS	384				hypothetical protein
OBCHJMAI_00216	CDS	3252				hypothetical protein
OBCHJMAI_00217	CDS	882				hypothetical protein
OBCHJMAI_00218	CDS	1188	tuf		COG0050	Elongation factor Tu
OBCHJMAI_00219	tRNA	74				tRNA-Trp(cca)
OBCHJMAI_00220	CDS	1074	pdxA2	1.1.1.408	COG1995	D-threonate 4-phosphate dehydrogenase
OBCHJMAI_00221	CDS	537				hypothetical protein
OBCHJMAI_00222	CDS	198	rpmF			50S ribosomal protein L32
OBCHJMAI_00223	CDS	999	fabH_2	2.3.1.180	COG0332	3-oxoacyl-[acyl-carrier-protein] synthase 3
OBCHJMAI_00224	CDS	480	accB		COG0511	Biotin carboxyl carrier protein of acetyl-CoA carboxylase
OBCHJMAI_00225	CDS	1344	accC	6.3.4.14	COG0439	Biotin carboxylase
OBCHJMAI_00226	CDS	1113				hypothetical protein
OBCHJMAI_00227	CDS	4698	ppsA	2.7.9.2		Phosphoenolpyruvate synthase
OBCHJMAI_00228	CDS	519				hypothetical protein
OBCHJMAI_00229	CDS	990	asd	1.2.1.11	COG0136	Aspartate-semialdehyde dehydrogenase
OBCHJMAI_00230	CDS	1107	alr1	5.1.1.1	COG0787	Alanine racemase 1
OBCHJMAI_00231	CDS	636	tdk	2.7.1.21	COG1435	Thymidine kinase
OBCHJMAI_00232	CDS	672	rsmI_1	2.1.1.198	COG0313	Ribosomal RNA small subunit methyltransferase I
OBCHJMAI_00233	CDS	420	yhfA		COG1765	Protein YhfA
OBCHJMAI_00234	CDS	1701	recJ	3.1.-.-	COG0608	Single-stranded-DNA-specific exonuclease RecJ
OBCHJMAI_00235	CDS	1284	entS			Enterobactin exporter EntS
OBCHJMAI_00236	CDS	756	lpxH	3.6.1.54	COG2908	UDP-2,3-diacylglucosamine hydrolase
OBCHJMAI_00237	CDS	453				hypothetical protein
OBCHJMAI_00238	CDS	1332	dinF		COG0534	DNA damage-inducible protein F
OBCHJMAI_00239	CDS	501				hypothetical protein
OBCHJMAI_00240	CDS	237				hypothetical protein
OBCHJMAI_00241	CDS	627	flr			Flavoredoxin
OBCHJMAI_00242	CDS	1236				hypothetical protein
OBCHJMAI_00243	CDS	1734	phhA	1.14.16.1	COG3186	Phenylalanine-4-hydroxylase
OBCHJMAI_00244	CDS	1161	hpd	1.13.11.27	COG3185	4-hydroxyphenylpyruvate dioxygenase
OBCHJMAI_00245	CDS	1164	hmgA	1.13.11.5	COG3508	Homogentisate 1,2-dioxygenase
OBCHJMAI_00246	CDS	564				hypothetical protein
OBCHJMAI_00247	CDS	291			COG4095	Sugar transporter SemiSWEET
OBCHJMAI_00248	CDS	2118	dcp_1	3.4.15.5	COG0339	Dipeptidyl carboxypeptidase
OBCHJMAI_00249	CDS	456				hypothetical protein
OBCHJMAI_00250	CDS	348	bglB	3.2.1.21	COG1472	Thermostable beta-glucosidase B
OBCHJMAI_00251	tRNA	75				tRNA-Asn(gtt)
OBCHJMAI_00252	CDS	1344		3.4.24.-	COG0750	Putative zinc metalloprotease
OBCHJMAI_00253	CDS	1929	pepN	3.4.11.2		Aminopeptidase N
OBCHJMAI_00254	CDS	666	ypmQ_1		COG1999	SCO1 protein 
OBCHJMAI_00255	CDS	552				hypothetical protein
OBCHJMAI_00256	CDS	822	zupT		COG0428	Zinc transporter ZupT
OBCHJMAI_00257	CDS	411				hypothetical protein
OBCHJMAI_00258	CDS	2037	susC_3			TonB-dependent receptor SusC
OBCHJMAI_00259	CDS	777		4.2.1.150	COG1024	Crotonyl-CoA hydratase
OBCHJMAI_00260	CDS	1455	zraS	2.7.13.3		Sensor protein ZraS
OBCHJMAI_00261	CDS	537				hypothetical protein
OBCHJMAI_00262	CDS	3147				hypothetical protein
OBCHJMAI_00263	CDS	1341	mepA			Multidrug export protein MepA
OBCHJMAI_00264	CDS	1026	hemH	4.99.1.1	COG0276	Ferrochelatase
OBCHJMAI_00265	CDS	924	pchR		COG2207	Regulatory protein PchR
OBCHJMAI_00266	CDS	1242	hemA	1.2.1.70	COG0373	Glutamyl-tRNA reductase
OBCHJMAI_00267	CDS	897	hemC	2.5.1.61		Porphobilinogen deaminase
OBCHJMAI_00268	CDS	657				hypothetical protein
OBCHJMAI_00269	CDS	1026	hemE	4.1.1.37	COG0407	Uroporphyrinogen decarboxylase
OBCHJMAI_00270	CDS	903	hemF	1.3.3.3		Oxygen-dependent coproporphyrinogen-III oxidase
OBCHJMAI_00271	CDS	975	hemB	4.2.1.24	COG0113	Delta-aminolevulinic acid dehydratase
OBCHJMAI_00272	CDS	1137	nylB'	3.5.1.46		6-aminohexanoate-dimer hydrolase
OBCHJMAI_00273	CDS	1698	gsiA	3.6.3.-	COG1123	Glutathione import ATP-binding protein GsiA
OBCHJMAI_00274	CDS	657	scoB	2.8.3.5	COG2057	putative succinyl-CoA:3-ketoacid coenzyme A transferase subunit B
OBCHJMAI_00275	CDS	699	scoA	2.8.3.5	COG1788	Succinyl-CoA:3-ketoacid coenzyme A transferase subunit A
OBCHJMAI_00276	CDS	2328	mrcA		COG5009	Penicillin-binding protein 1A
OBCHJMAI_00277	CDS	471	gldH			Gliding motility lipoprotein GldH
OBCHJMAI_00278	CDS	1143				hypothetical protein
OBCHJMAI_00279	CDS	1053				hypothetical protein
OBCHJMAI_00280	CDS	1002	recA		COG0468	Protein RecA
OBCHJMAI_00281	CDS	729	plsC	2.3.1.51	COG0204	1-acyl-sn-glycerol-3-phosphate acyltransferase
OBCHJMAI_00282	CDS	972	trpS	6.1.1.2	COG0180	Tryptophan--tRNA ligase
OBCHJMAI_00283	CDS	876				hypothetical protein
OBCHJMAI_00284	CDS	501		3.1.2.-	COG1607	putative acyl-CoA thioester hydrolase
OBCHJMAI_00285	CDS	1218				hypothetical protein
OBCHJMAI_00286	CDS	870				hypothetical protein
OBCHJMAI_00287	CDS	435	dut	3.6.1.23		Deoxyuridine 5'-triphosphate nucleotidohydrolase
OBCHJMAI_00288	CDS	1455				hypothetical protein
OBCHJMAI_00289	CDS	855	atpG		COG0224	ATP synthase gamma chain
OBCHJMAI_00290	CDS	1575	atpA	3.6.3.14	COG0056	ATP synthase subunit alpha
OBCHJMAI_00291	CDS	531	atpH			ATP synthase subunit delta
OBCHJMAI_00292	CDS	498	atpF			ATP synthase subunit b, sodium ion specific
OBCHJMAI_00293	CDS	240	atpE			ATP synthase subunit c
OBCHJMAI_00294	CDS	1074	atpB		COG0356	ATP synthase subunit a
OBCHJMAI_00295	CDS	291				hypothetical protein
OBCHJMAI_00296	CDS	156				hypothetical protein
OBCHJMAI_00297	CDS	423				hypothetical protein
OBCHJMAI_00298	CDS	2508				hypothetical protein
OBCHJMAI_00299	CDS	1041	paaE	1.-.-.-	COG1018	1,2-phenylacetyl-CoA epoxidase, subunit E
OBCHJMAI_00300	CDS	1008				hypothetical protein
OBCHJMAI_00301	CDS	387				hypothetical protein
OBCHJMAI_00302	CDS	930				hypothetical protein
OBCHJMAI_00303	CDS	234				hypothetical protein
OBCHJMAI_00304	CDS	1272	purD	6.3.4.13	COG0151	Phosphoribosylamine--glycine ligase
OBCHJMAI_00305	CDS	1362	wcaJ	2.7.8.31	COG2148	UDP-glucose:undecaprenyl-phosphate glucose-1-phosphate transferase
OBCHJMAI_00306	CDS	1095	pimB	2.4.1.346	COG0438	GDP-mannose-dependent alpha-(1-6)-phosphatidylinositol monomannoside mannosyltransferase
OBCHJMAI_00307	CDS	1203				hypothetical protein
OBCHJMAI_00308	CDS	786	wbnJ	2.4.1.122		O-antigen biosynthesis glycosyltransferase WbnJ
OBCHJMAI_00309	CDS	1374				hypothetical protein
OBCHJMAI_00310	CDS	912				hypothetical protein
OBCHJMAI_00311	CDS	1239				hypothetical protein
OBCHJMAI_00312	CDS	984				hypothetical protein
OBCHJMAI_00313	CDS	1512				hypothetical protein
OBCHJMAI_00314	CDS	864	mepM_2	3.4.24.-	COG0739	Murein DD-endopeptidase MepM
OBCHJMAI_00315	CDS	186	tatAy			Sec-independent protein translocase protein TatAy
OBCHJMAI_00316	CDS	954				hypothetical protein
OBCHJMAI_00317	CDS	1155	mltD	4.2.2.-	COG0741	Membrane-bound lytic murein transglycosylase D
OBCHJMAI_00318	CDS	1182	pgk	2.7.2.3	COG0126	Phosphoglycerate kinase
OBCHJMAI_00319	CDS	1161				hypothetical protein
OBCHJMAI_00320	CDS	915	dagK	2.7.1.107		Diacylglycerol kinase
OBCHJMAI_00321	CDS	156				hypothetical protein
OBCHJMAI_00322	CDS	327				hypothetical protein
OBCHJMAI_00323	CDS	1677	ilvD	4.2.1.9	COG0129	Dihydroxy-acid dehydratase
OBCHJMAI_00324	CDS	1698	ilvB	2.2.1.6	COG0028	Acetolactate synthase large subunit
OBCHJMAI_00325	CDS	531	ilvH	2.2.1.6	COG0440	Acetolactate synthase small subunit
OBCHJMAI_00326	CDS	1473	ilvC	1.1.1.86	COG0059	Ketol-acid reductoisomerase (NADP(+))
OBCHJMAI_00327	CDS	1593	gapN	1.2.1.9	COG1012	NADP-dependent glyceraldehyde-3-phosphate dehydrogenase
OBCHJMAI_00328	CDS	1164	leuA_1	2.3.3.13	COG0119	2-isopropylmalate synthase
OBCHJMAI_00329	CDS	1395	leuC	4.2.1.33	COG0065	3-isopropylmalate dehydratase large subunit
OBCHJMAI_00330	CDS	597	leuD	4.2.1.33	COG0066	3-isopropylmalate dehydratase small subunit
OBCHJMAI_00331	CDS	1521	leuA_2	2.3.3.13	COG0119	2-isopropylmalate synthase
OBCHJMAI_00332	CDS	1065	leuB	1.1.1.85	COG0473	3-isopropylmalate dehydrogenase
OBCHJMAI_00333	CDS	855	pheA		COG0077	P-protein
OBCHJMAI_00334	CDS	1149	dapL	2.6.1.83	COG0436	LL-diaminopimelate aminotransferase
OBCHJMAI_00335	CDS	852	tyrC	1.3.1.43		Cyclohexadienyl dehydrogenase
OBCHJMAI_00336	CDS	1083	aroF	2.5.1.54	COG2876	Phospho-2-dehydro-3-deoxyheptonate aldolase
OBCHJMAI_00337	CDS	948	rsgA	3.6.1.-	COG1162	Small ribosomal subunit biogenesis GTPase RsgA
OBCHJMAI_00338	CDS	447	dtd	3.1.1.96	COG1490	D-aminoacyl-tRNA deacylase
OBCHJMAI_00339	CDS	330	ypjD		COG1694	putative protein YpjD
OBCHJMAI_00340	CDS	1227	aroA	2.5.1.19	COG0128	3-phosphoshikimate 1-carboxyvinyltransferase
OBCHJMAI_00341	CDS	1050	queA	2.4.99.17	COG0809	S-adenosylmethionine:tRNA ribosyltransferase-isomerase
OBCHJMAI_00342	CDS	1038	rlmN	2.1.1.192	COG0820	Dual-specificity RNA methyltransferase RlmN
OBCHJMAI_00343	CDS	1596				hypothetical protein
OBCHJMAI_00344	CDS	225				hypothetical protein
OBCHJMAI_00345	CDS	1440				hypothetical protein
OBCHJMAI_00346	CDS	1806				hypothetical protein
OBCHJMAI_00347	CDS	1356	murC	6.3.2.8	COG0773	UDP-N-acetylmuramate--L-alanine ligase
OBCHJMAI_00348	CDS	1089	murG	2.4.1.227	COG0707	UDP-N-acetylglucosamine--N-acetylmuramyl-(pentapeptide) pyrophosphoryl-undecaprenol N-acetylglucosamine transferase
OBCHJMAI_00349	CDS	1194	ftsW	2.4.1.129	COG0772	putative peptidoglycan glycosyltransferase FtsW
OBCHJMAI_00350	CDS	1335	murD	6.3.2.9		UDP-N-acetylmuramoylalanine--D-glutamate ligase
OBCHJMAI_00351	CDS	1230	mraY	2.7.8.13	COG0472	Phospho-N-acetylmuramoyl-pentapeptide-transferase
OBCHJMAI_00352	CDS	1251	murE	6.3.2.13	COG0769	UDP-N-acetylmuramoyl-L-alanyl-D-glutamate--2,6-diaminopimelate ligase
OBCHJMAI_00353	CDS	684	acr1	1.2.1.-	COG3320	Fatty acyl-CoA reductase
OBCHJMAI_00354	CDS	1614	pdhC	2.3.1.12		Dihydrolipoyllysine-residue acetyltransferase component of pyruvate dehydrogenase complex
OBCHJMAI_00355	CDS	834	acoA	1.1.1.-	COG1071	Acetoin:2,6-dichlorophenolindophenol oxidoreductase subunit alpha
OBCHJMAI_00356	CDS	513				hypothetical protein
OBCHJMAI_00357	CDS	1224				hypothetical protein
OBCHJMAI_00358	CDS	921				hypothetical protein
OBCHJMAI_00359	CDS	405				hypothetical protein
OBCHJMAI_00360	CDS	990				hypothetical protein
OBCHJMAI_00361	CDS	180				hypothetical protein
OBCHJMAI_00362	CDS	429				hypothetical protein
OBCHJMAI_00363	CDS	396				hypothetical protein
OBCHJMAI_00364	CDS	420	yodB		COG1733	HTH-type transcriptional regulator YodB
OBCHJMAI_00365	CDS	1089	resA_1		COG0526	Thiol-disulfide oxidoreductase ResA
OBCHJMAI_00366	CDS	306				hypothetical protein
OBCHJMAI_00367	CDS	267				hypothetical protein
OBCHJMAI_00368	CDS	486				hypothetical protein
OBCHJMAI_00369	CDS	411	queD	4.1.2.50	COG0720	6-carboxy-5,6,7,8-tetrahydropterin synthase
OBCHJMAI_00370	CDS	519	idi	5.3.3.2	COG1443	Isopentenyl-diphosphate Delta-isomerase
OBCHJMAI_00371	CDS	1560	prfC		COG4108	Peptide chain release factor 3
OBCHJMAI_00372	CDS	318				hypothetical protein
OBCHJMAI_00373	CDS	1056	rpoC	2.7.7.6	COG0086	DNA-directed RNA polymerase subunit beta'
OBCHJMAI_00374	CDS	1530	alsT		COG1115	Amino-acid carrier protein AlsT
OBCHJMAI_00375	CDS	1002	kch		COG1226	Voltage-gated potassium channel Kch
OBCHJMAI_00376	CDS	978	cbs_1	4.2.1.22	COG0031	Putative cystathionine beta-synthase
OBCHJMAI_00377	CDS	1233	lolC		COG4591	Lipoprotein-releasing system transmembrane protein LolC
OBCHJMAI_00378	CDS	1230				hypothetical protein
OBCHJMAI_00379	CDS	261				hypothetical protein
OBCHJMAI_00380	CDS	354	rplS		COG0335	50S ribosomal protein L19
OBCHJMAI_00381	CDS	675	trmD	2.1.1.228		tRNA (guanine-N(1)-)-methyltransferase
OBCHJMAI_00382	CDS	1413	degQ	3.4.21.107	COG0265	Periplasmic pH-dependent serine endoprotease DegQ
OBCHJMAI_00383	CDS	771	dapF	5.1.1.7	COG0253	Diaminopimelate epimerase
OBCHJMAI_00384	CDS	522	speG	2.3.1.57		Spermidine N(1)-acetyltransferase
OBCHJMAI_00385	CDS	1044	mltG	4.2.2.-	COG1559	Endolytic murein transglycosylase
OBCHJMAI_00386	CDS	534	rsmI_2	2.1.1.198	COG0313	Ribosomal RNA small subunit methyltransferase I
OBCHJMAI_00387	CDS	1428	dnaA		COG0593	Chromosomal replication initiator protein DnaA
OBCHJMAI_00388	CDS	393		3.1.-.-	COG0824	Putative esterase
OBCHJMAI_00389	CDS	1005	ribD		COG0117	Riboflavin biosynthesis protein RibD
OBCHJMAI_00390	CDS	492				hypothetical protein
OBCHJMAI_00391	CDS	843	prmC	2.1.1.297	COG2890	Release factor glutamine methyltransferase
OBCHJMAI_00392	CDS	699	cutC		COG3142	Copper homeostasis protein CutC
OBCHJMAI_00393	CDS	1593	exoI	3.2.1.52	COG3525	Beta-hexosaminidase
OBCHJMAI_00394	CDS	1308				hypothetical protein
OBCHJMAI_00395	CDS	1359	mpl	6.3.2.45	COG0773	UDP-N-acetylmuramate--L-alanyl-gamma-D-glutamyl-meso-2,6-diaminoheptandioate ligase
OBCHJMAI_00396	CDS	999	obg	3.6.5.-		GTPase Obg
OBCHJMAI_00397	CDS	573	adk	2.7.4.3		Adenylate kinase
OBCHJMAI_00398	CDS	1152	purK	6.3.4.18	COG0026	N5-carboxyaminoimidazole ribonucleotide synthase
OBCHJMAI_00399	CDS	480	purE	5.4.99.18	COG0041	N5-carboxyaminoimidazole ribonucleotide mutase
OBCHJMAI_00400	CDS	1512	dcp_2	3.4.15.5	COG0339	Dipeptidyl carboxypeptidase
OBCHJMAI_00401	tRNA	75				tRNA-His(gtg)
OBCHJMAI_00402	CDS	723	bshB1	3.5.1.-	COG2120	N-acetyl-alpha-D-glucosaminyl L-malate deacetylase 1
OBCHJMAI_00403	CDS	1155	metC_1	4.4.1.8	COG0626	Cystathionine beta-lyase
OBCHJMAI_00404	CDS	3171	ccsA			Cytochrome c biogenesis protein CcsA
OBCHJMAI_00405	CDS	765				hypothetical protein
OBCHJMAI_00406	CDS	525	kdsC	3.1.3.45	COG1778	3-deoxy-D-manno-octulosonate 8-phosphate phosphatase KdsC
OBCHJMAI_00407	CDS	582	maf_1		COG0424	Septum formation protein Maf
OBCHJMAI_00408	CDS	1680	sglT_1			Sodium/glucose cotransporter
OBCHJMAI_00409	CDS	843				hypothetical protein
OBCHJMAI_00410	CDS	630	pduF		COG0580	Propanediol diffusion facilitator
OBCHJMAI_00411	CDS	645				hypothetical protein
OBCHJMAI_00412	CDS	222				hypothetical protein
OBCHJMAI_00413	CDS	684	baiA	1.1.1.392		3-alpha-hydroxycholanate dehydrogenase (NADP(+))
OBCHJMAI_00414	CDS	537	gpx1	1.11.1.22		Hydroperoxy fatty acid reductase gpx1
OBCHJMAI_00415	CDS	462	crtK-2		COG3476	Tryptophan-rich protein TspO
OBCHJMAI_00416	CDS	468				hypothetical protein
OBCHJMAI_00417	CDS	1308	phrA	4.1.99.3		Deoxyribodipyrimidine photo-lyase
OBCHJMAI_00418	CDS	1434	abgB	3.5.1.-	COG1473	p-aminobenzoyl-glutamate hydrolase subunit B
OBCHJMAI_00419	CDS	1308	murA	2.5.1.7	COG0766	UDP-N-acetylglucosamine 1-carboxyvinyltransferase
OBCHJMAI_00420	CDS	633				hypothetical protein
OBCHJMAI_00421	CDS	285				hypothetical protein
OBCHJMAI_00422	CDS	543				hypothetical protein
OBCHJMAI_00423	CDS	1458				hypothetical protein
OBCHJMAI_00424	CDS	279				hypothetical protein
OBCHJMAI_00425	CDS	1155				hypothetical protein
OBCHJMAI_00426	CDS	483				hypothetical protein
OBCHJMAI_00427	CDS	129				hypothetical protein
OBCHJMAI_00428	CDS	1074	phr	4.1.99.3		Deoxyribodipyrimidine photo-lyase
OBCHJMAI_00429	CDS	1284	murF	6.3.2.10	COG0770	UDP-N-acetylmuramoyl-tripeptide--D-alanyl-D-alanine ligase
OBCHJMAI_00430	CDS	1713	egtB	1.14.99.-		Hercynine oxygenase
OBCHJMAI_00431	CDS	1239				hypothetical protein
OBCHJMAI_00432	CDS	231				hypothetical protein
OBCHJMAI_00433	CDS	384				hypothetical protein
OBCHJMAI_00434	CDS	1281	mrdB	2.4.1.129	COG0772	Peptidoglycan glycosyltransferase MrdB
OBCHJMAI_00435	CDS	1347	mrdA	3.4.16.4	COG0768	Peptidoglycan D,D-transpeptidase MrdA
OBCHJMAI_00436	CDS	2700				hypothetical protein
OBCHJMAI_00437	CDS	663				hypothetical protein
OBCHJMAI_00438	CDS	171				hypothetical protein
OBCHJMAI_00439	CDS	117				hypothetical protein
OBCHJMAI_00440	CDS	177				hypothetical protein
OBCHJMAI_00441	CDS	1386	fumC	4.2.1.2	COG0114	Fumarate hydratase class II
OBCHJMAI_00442	CDS	1245	hutI_2	3.5.2.7	COG1228	Imidazolonepropionase
OBCHJMAI_00443	CDS	1689		2.1.2.5	COG3643	Glutamate formimidoyltransferase
OBCHJMAI_00444	CDS	465	argA	2.3.1.1		Amino-acid acetyltransferase
OBCHJMAI_00445	CDS	1692	ettA		COG0488	Energy-dependent translational throttle protein EttA
OBCHJMAI_00446	CDS	180				hypothetical protein
OBCHJMAI_00447	CDS	447				hypothetical protein
OBCHJMAI_00448	CDS	1320				hypothetical protein
OBCHJMAI_00449	CDS	1050	menE	6.2.1.26	COG0318	putative 2-succinylbenzoate--CoA ligase
OBCHJMAI_00450	CDS	1983				hypothetical protein
OBCHJMAI_00451	CDS	387				hypothetical protein
OBCHJMAI_00452	CDS	957				hypothetical protein
OBCHJMAI_00453	CDS	1032	menC	4.2.1.113	COG4948	o-succinylbenzoate synthase
OBCHJMAI_00454	CDS	903	menA_1	2.5.1.74	COG1575	1,4-dihydroxy-2-naphthoate octaprenyltransferase
OBCHJMAI_00455	CDS	840	menB	4.1.3.36	COG0447	1,4-dihydroxy-2-naphthoyl-CoA synthase
OBCHJMAI_00456	CDS	837	cvfB		COG2996	Conserved virulence factor B
OBCHJMAI_00457	CDS	1683	menD	2.2.1.9		2-succinyl-5-enolpyruvyl-6-hydroxy-3-cyclohexene-1-carboxylate synthase
OBCHJMAI_00458	CDS	1062	entC	5.4.4.2	COG1169	Isochorismate synthase EntC
OBCHJMAI_00459	CDS	426		3.1.2.-	COG2050	Putative esterase
OBCHJMAI_00460	CDS	639	menH	4.2.99.20		2-succinyl-6-hydroxy-2,4-cyclohexadiene-1-carboxylate synthase
OBCHJMAI_00461	CDS	1902	dnaK			Chaperone protein DnaK
OBCHJMAI_00462	CDS	819	panB	2.1.2.11	COG0413	3-methyl-2-oxobutanoate hydroxymethyltransferase
OBCHJMAI_00463	CDS	1107	bepA	3.4.-.-		Beta-barrel assembly-enhancing protease
OBCHJMAI_00464	CDS	906				hypothetical protein
OBCHJMAI_00465	CDS	954				hypothetical protein
OBCHJMAI_00466	CDS	750	aroE	1.1.1.25	COG0169	Shikimate dehydrogenase (NADP(+))
OBCHJMAI_00467	CDS	774	mazG	3.6.1.8	COG1694	Nucleoside triphosphate pyrophosphohydrolase
OBCHJMAI_00468	CDS	1605	apr	3.4.21.62		Subtilisin DY
OBCHJMAI_00469	CDS	1176	mnmA	2.8.1.13		tRNA-specific 2-thiouridylase MnmA
OBCHJMAI_00470	CDS	1854	yidC			Membrane protein insertase YidC
OBCHJMAI_00471	CDS	393	pyrG	6.3.4.2		CTP synthase
OBCHJMAI_00472	CDS	804	anmK	2.7.1.170	COG2377	Anhydro-N-acetylmuramic acid kinase
OBCHJMAI_00473	CDS	1353	nhaD		COG1055	Na(+)/H(+) antiporter NhaD
OBCHJMAI_00474	CDS	1218	fpgS	6.3.2.17		Folylpolyglutamate synthase
OBCHJMAI_00475	tRNA	78				tRNA-Val(tac)
OBCHJMAI_00476	CDS	750	yhhW	1.13.11.24	COG1741	Quercetin 2,3-dioxygenase
OBCHJMAI_00477	CDS	1329	phrB	4.1.99.13	COG3046	(6-4) photolyase
OBCHJMAI_00478	CDS	1377	alkH	1.2.1.3		Aldehyde dehydrogenase
OBCHJMAI_00479	CDS	840	kipA		COG1984	KipI antagonist
OBCHJMAI_00480	CDS	735	kipI		COG2049	Kinase A inhibitor
OBCHJMAI_00481	CDS	729				hypothetical protein
OBCHJMAI_00482	CDS	1221	mntH		COG1914	Divalent metal cation transporter MntH
OBCHJMAI_00483	CDS	1314	tilS	6.3.4.19	COG0037	tRNA(Ile)-lysidine synthase
OBCHJMAI_00484	CDS	1404		1.8.1.4	COG1249	Dihydrolipoyl dehydrogenase
OBCHJMAI_00485	CDS	99				hypothetical protein
OBCHJMAI_00486	CDS	210				hypothetical protein
OBCHJMAI_00487	CDS	1017	pheS	6.1.1.20	COG0016	Phenylalanine--tRNA ligase alpha subunit
OBCHJMAI_00488	CDS	354				hypothetical protein
OBCHJMAI_00489	CDS	486				hypothetical protein
OBCHJMAI_00490	CDS	462				hypothetical protein
OBCHJMAI_00491	CDS	747				hypothetical protein
OBCHJMAI_00492	CDS	1758				hypothetical protein
OBCHJMAI_00493	CDS	792	ycf3_2			Photosystem I assembly protein Ycf3
OBCHJMAI_00494	CDS	1047				hypothetical protein
OBCHJMAI_00495	CDS	1005				hypothetical protein
OBCHJMAI_00496	CDS	1647				hypothetical protein
OBCHJMAI_00497	CDS	867			COG1721	putative protein
OBCHJMAI_00498	CDS	996				hypothetical protein
OBCHJMAI_00499	CDS	756	ydfG	1.1.1.381	COG4221	NADP-dependent 3-hydroxy acid dehydrogenase YdfG
OBCHJMAI_00500	CDS	1548	aldHT	1.2.1.5		Aldehyde dehydrogenase, thermostable
OBCHJMAI_00501	CDS	1428	pyk	2.7.1.40	COG0469	Pyruvate kinase
OBCHJMAI_00502	CDS	483				hypothetical protein
OBCHJMAI_00503	CDS	735	rnc	3.1.26.3		Ribonuclease 3
OBCHJMAI_00504	CDS	1254	fabF	2.3.1.179	COG0304	3-oxoacyl-[acyl-carrier-protein] synthase 2
OBCHJMAI_00505	CDS	231	acpP		COG0236	Acyl carrier protein
OBCHJMAI_00506	CDS	570	purN	2.1.2.2		Phosphoribosylglycinamide formyltransferase
OBCHJMAI_00507	CDS	612	rnhA	3.1.26.4	COG3341	Ribonuclease H
OBCHJMAI_00508	CDS	900	rbsK/rbiA_1			Bifunctional ribokinase/ribose-5-phosphate isomerase A
OBCHJMAI_00509	CDS	2895	mfd	3.6.4.-		Transcription-repair-coupling factor
OBCHJMAI_00510	CDS	1020	ykfA	3.4.16.-	COG1619	putative murein peptide carboxypeptidase
OBCHJMAI_00511	CDS	2046	metG	6.1.1.10	COG0073	Methionine--tRNA ligase
OBCHJMAI_00512	CDS	1647	mmgC_1	1.3.99.-	COG1960	Acyl-CoA dehydrogenase
OBCHJMAI_00513	CDS	756	linC	1.1.1.-		2,5-dichloro-2,5-cyclohexadiene-1,4-diol dehydrogenase
OBCHJMAI_00514	CDS	1680		6.2.1.3	COG1022	Long-chain-fatty-acid--CoA ligase FadD15
OBCHJMAI_00515	CDS	1629	pccB	6.4.1.3	COG4799	Propionyl-CoA carboxylase beta chain
OBCHJMAI_00516	CDS	819	echA8	4.2.1.17	COG1024	putative enoyl-CoA hydratase echA8
OBCHJMAI_00517	CDS	984	yfmJ	1.-.-.-	COG2130	Putative NADP-dependent oxidoreductase YfmJ
OBCHJMAI_00518	CDS	1023		1.13.12.-	COG2070	Putative monooxygenase
OBCHJMAI_00519	CDS	1488	sdcS		COG0471	Sodium-dependent dicarboxylate transporter SdcS
OBCHJMAI_00520	CDS	945				hypothetical protein
OBCHJMAI_00521	CDS	990				hypothetical protein
OBCHJMAI_00522	CDS	273	yajC		COG1862	Sec translocon accessory complex subunit YajC
OBCHJMAI_00523	CDS	513				hypothetical protein
OBCHJMAI_00524	CDS	948	nusB		COG0781	Transcription antitermination protein NusB
OBCHJMAI_00525	CDS	1761	yheI	3.6.3.-	COG1132	putative multidrug resistance ABC transporter ATP-binding/permease protein YheI
OBCHJMAI_00526	CDS	387				hypothetical protein
OBCHJMAI_00527	CDS	2517				hypothetical protein
OBCHJMAI_00528	CDS	336	csaA		COG0073	putative chaperone CsaA
OBCHJMAI_00529	CDS	558	resA_2			Thiol-disulfide oxidoreductase ResA
OBCHJMAI_00530	CDS	936	ppiB_1	5.2.1.8	COG0652	putative peptidyl-prolyl cis-trans isomerase
OBCHJMAI_00531	CDS	1467	recQ	3.6.4.12	COG0514	ATP-dependent DNA helicase RecQ
OBCHJMAI_00532	CDS	1128				hypothetical protein
OBCHJMAI_00533	CDS	177				hypothetical protein
OBCHJMAI_00534	CDS	627				hypothetical protein
OBCHJMAI_00535	CDS	225				hypothetical protein
OBCHJMAI_00536	CDS	231				hypothetical protein
OBCHJMAI_00537	CDS	510				hypothetical protein
OBCHJMAI_00538	CDS	1140	ribBA		COG0108	Riboflavin biosynthesis protein RibBA
OBCHJMAI_00539	CDS	1362				hypothetical protein
OBCHJMAI_00540	CDS	672				hypothetical protein
OBCHJMAI_00541	CDS	2358	spoIIIE		COG1674	DNA translocase SpoIIIE
OBCHJMAI_00542	CDS	672	nhaC		COG1757	Na(+)/H(+) antiporter NhaC
OBCHJMAI_00543	CDS	3297				hypothetical protein
OBCHJMAI_00544	CDS	786	exoA	3.1.11.2	COG0708	Exodeoxyribonuclease
OBCHJMAI_00545	CDS	1038	tas		COG0667	Protein tas
OBCHJMAI_00546	CDS	1548	rng	3.1.26.-	COG1530	Ribonuclease G
OBCHJMAI_00547	CDS	291			COG0776	DNA-binding protein HU
OBCHJMAI_00548	CDS	1038	mutY	3.2.2.-		Adenine DNA glycosylase
OBCHJMAI_00549	CDS	432	ssb		COG0629	Single-stranded DNA-binding protein
OBCHJMAI_00550	CDS	1254				hypothetical protein
OBCHJMAI_00551	CDS	594				hypothetical protein
OBCHJMAI_00552	CDS	888				hypothetical protein
OBCHJMAI_00553	CDS	2079				hypothetical protein
OBCHJMAI_00554	CDS	1314		3.4.24.-	COG0612	putative zinc protease
OBCHJMAI_00555	CDS	519	rplU		COG0261	50S ribosomal protein L21
OBCHJMAI_00556	CDS	261	rpmA		COG0211	50S ribosomal protein L27
OBCHJMAI_00557	CDS	633				hypothetical protein
OBCHJMAI_00558	CDS	618	pnuC		COG3201	Nicotinamide riboside transporter PnuC
OBCHJMAI_00559	CDS	573	nadR		COG1056	Trifunctional NAD biosynthesis/regulator protein NadR
OBCHJMAI_00560	CDS	2124				hypothetical protein
OBCHJMAI_00561	CDS	432				hypothetical protein
OBCHJMAI_00562	CDS	474	greA		COG0782	Transcription elongation factor GreA
OBCHJMAI_00563	CDS	408			COG0537	putative HIT-like protein
OBCHJMAI_00564	CDS	1143	kinD	2.7.13.3		Sporulation kinase D
OBCHJMAI_00565	CDS	375				hypothetical protein
OBCHJMAI_00566	CDS	1389	atoE		COG2031	Putative short-chain fatty acid transporter
OBCHJMAI_00567	CDS	786	ppk2_1	2.7.4.1	COG2326	Polyphosphate:NDP phosphotransferase 2
OBCHJMAI_00568	CDS	804	ppk2_2	2.7.4.1	COG2326	Polyphosphate:ADP/GDP phosphotransferase
OBCHJMAI_00569	CDS	687	truB	5.4.99.25	COG0130	tRNA pseudouridine synthase B
OBCHJMAI_00570	CDS	795	uppP	3.6.1.27	COG1968	Undecaprenyl-diphosphatase
OBCHJMAI_00571	CDS	249				hypothetical protein
OBCHJMAI_00572	CDS	873	ftsX		COG2177	Cell division protein FtsX
OBCHJMAI_00573	CDS	222				hypothetical protein
OBCHJMAI_00574	CDS	3360	secA		COG0653	Protein translocase subunit SecA
OBCHJMAI_00575	CDS	999		3.6.-.-	COG1703	putative GTPase
OBCHJMAI_00576	CDS	714	rgtE_1	2.4.1.-	COG0463	Dodecaprenyl-phosphate galacturonate synthase
OBCHJMAI_00577	CDS	264				hypothetical protein
OBCHJMAI_00578	CDS	501				hypothetical protein
OBCHJMAI_00579	CDS	372				hypothetical protein
OBCHJMAI_00580	CDS	168				hypothetical protein
OBCHJMAI_00581	CDS	165				hypothetical protein
OBCHJMAI_00582	CDS	315				hypothetical protein
OBCHJMAI_00583	CDS	240				hypothetical protein
OBCHJMAI_00584	CDS	348	truA_2	5.4.99.12	COG0101	tRNA pseudouridine synthase A
OBCHJMAI_00585	CDS	1098	ynaI		COG0668	Low conductance mechanosensitive channel YnaI
OBCHJMAI_00586	CDS	414				hypothetical protein
OBCHJMAI_00587	CDS	342				hypothetical protein
OBCHJMAI_00588	CDS	1542	radD	3.6.4.12	COG1061	Putative DNA repair helicase RadD
OBCHJMAI_00589	CDS	1128				hypothetical protein
OBCHJMAI_00590	CDS	222				hypothetical protein
OBCHJMAI_00591	CDS	897	surA_2	5.2.1.8		Chaperone SurA
OBCHJMAI_00592	CDS	2121	lptD_1		COG1452	LPS-assembly protein LptD
OBCHJMAI_00593	CDS	1938	thrS	6.1.1.3	COG0441	Threonine--tRNA ligase
OBCHJMAI_00594	CDS	300				hypothetical protein
OBCHJMAI_00595	CDS	816	murQ	4.2.1.126	COG2103	N-acetylmuramic acid 6-phosphate etherase
OBCHJMAI_00596	CDS	2031	icd	1.1.1.42	COG2838	Isocitrate dehydrogenase [NADP]
OBCHJMAI_00597	CDS	1593	arnT	2.4.2.43	COG1807	Undecaprenyl phosphate-alpha-4-amino-4-deoxy-L-arabinose arabinosyl transferase
OBCHJMAI_00598	CDS	570				hypothetical protein
OBCHJMAI_00599	CDS	225				hypothetical protein
OBCHJMAI_00600	CDS	1371	norM		COG0534	Multidrug resistance protein NorM
OBCHJMAI_00601	CDS	591	def	3.5.1.88	COG0242	Peptide deformylase
OBCHJMAI_00602	CDS	417	yrrK	3.1.-.-	COG0816	Putative pre-16S rRNA nuclease
OBCHJMAI_00603	CDS	813	dapD	2.3.1.117		2,3,4,5-tetrahydropyridine-2,6-dicarboxylate N-succinyltransferase
OBCHJMAI_00604	CDS	378				hypothetical protein
OBCHJMAI_00605	CDS	585				hypothetical protein
OBCHJMAI_00606	CDS	558	tagD	2.7.7.39	COG0615	Glycerol-3-phosphate cytidylyltransferase
OBCHJMAI_00607	CDS	2484				hypothetical protein
OBCHJMAI_00608	CDS	438				hypothetical protein
OBCHJMAI_00609	CDS	1125				hypothetical protein
OBCHJMAI_00610	CDS	2901				hypothetical protein
OBCHJMAI_00611	CDS	1353				hypothetical protein
OBCHJMAI_00612	CDS	459				hypothetical protein
OBCHJMAI_00613	CDS	1929	oprF_1			Outer membrane porin F
OBCHJMAI_00614	CDS	912				hypothetical protein
OBCHJMAI_00615	CDS	2028				hypothetical protein
OBCHJMAI_00616	CDS	726				hypothetical protein
OBCHJMAI_00617	CDS	888	dapA_1	4.3.3.7	COG0329	4-hydroxy-tetrahydrodipicolinate synthase
OBCHJMAI_00618	CDS	786	bamD			Outer membrane protein assembly factor BamD
OBCHJMAI_00619	CDS	333				hypothetical protein
OBCHJMAI_00620	CDS	1209	coaBC		COG0452	Coenzyme A biosynthesis bifunctional protein CoaBC
OBCHJMAI_00621	CDS	888				hypothetical protein
OBCHJMAI_00622	CDS	1653	recN		COG0497	DNA repair protein RecN
OBCHJMAI_00623	CDS	813	fabI	1.3.1.9	COG0623	Enoyl-[acyl-carrier-protein] reductase [NADH] FabI
OBCHJMAI_00624	CDS	1017	kfoC			Chondroitin synthase
OBCHJMAI_00625	CDS	945				hypothetical protein
OBCHJMAI_00626	CDS	579	coaE	2.7.1.24	COG0237	Dephospho-CoA kinase
OBCHJMAI_00627	CDS	612				hypothetical protein
OBCHJMAI_00628	CDS	921	ppx2	3.6.1.11		Exopolyphosphatase 2
OBCHJMAI_00629	CDS	651	pdxH	1.4.3.5	COG0259	Pyridoxine/pyridoxamine 5'-phosphate oxidase
OBCHJMAI_00630	CDS	906	rnz	3.1.26.11	COG1234	Ribonuclease Z
OBCHJMAI_00631	CDS	936	pyrB	2.1.3.2	COG0540	Aspartate carbamoyltransferase
OBCHJMAI_00632	CDS	540	pyrR_1			Bifunctional protein pyrR
OBCHJMAI_00633	CDS	1845	rpsA		COG0539	30S ribosomal protein S1
OBCHJMAI_00634	CDS	693	cmk	2.7.4.25	COG0283	Cytidylate kinase
OBCHJMAI_00635	CDS	1017				hypothetical protein
OBCHJMAI_00636	CDS	2451	lon2	3.4.21.53	COG0466	Lon protease 2
OBCHJMAI_00637	CDS	1314				hypothetical protein
OBCHJMAI_00638	CDS	507	msrB	1.8.4.12		Peptide methionine sulfoxide reductase MsrB
OBCHJMAI_00639	CDS	1377	lpdC	1.8.1.4	COG1249	Dihydrolipoyl dehydrogenase
OBCHJMAI_00640	CDS	417	yqhS	4.2.1.10	COG0757	3-dehydroquinate dehydratase
OBCHJMAI_00641	CDS	744				hypothetical protein
OBCHJMAI_00642	CDS	597				hypothetical protein
OBCHJMAI_00643	CDS	741				hypothetical protein
OBCHJMAI_00644	CDS	1047	alkB	1.14.15.3		Alkane 1-monooxygenase
OBCHJMAI_00645	CDS	2442	btuB			Vitamin B12 transporter BtuB
OBCHJMAI_00646	CDS	543				hypothetical protein
OBCHJMAI_00647	CDS	318				hypothetical protein
OBCHJMAI_00648	CDS	654				hypothetical protein
OBCHJMAI_00649	CDS	348				hypothetical protein
OBCHJMAI_00650	CDS	384				hypothetical protein
OBCHJMAI_00651	CDS	669	yfiC	2.1.1.223	COG4123	tRNA1(Val) (adenine(37)-N6)-methyltransferase
OBCHJMAI_00652	CDS	399				hypothetical protein
OBCHJMAI_00653	CDS	708				hypothetical protein
OBCHJMAI_00654	CDS	579				hypothetical protein
OBCHJMAI_00655	CDS	768				hypothetical protein
OBCHJMAI_00656	CDS	420	osmC	1.11.1.15	COG1764	Peroxiredoxin OsmC
OBCHJMAI_00657	CDS	459				hypothetical protein
OBCHJMAI_00658	CDS	513				hypothetical protein
OBCHJMAI_00659	CDS	513				hypothetical protein
OBCHJMAI_00660	CDS	198				hypothetical protein
OBCHJMAI_00661	CDS	369				hypothetical protein
OBCHJMAI_00662	CDS	111				hypothetical protein
OBCHJMAI_00663	CDS	285				hypothetical protein
OBCHJMAI_00664	CDS	189				hypothetical protein
OBCHJMAI_00665	CDS	2547	gyrA	5.99.1.3	COG0188	DNA gyrase subunit A
OBCHJMAI_00666	CDS	954	dxs_1	2.2.1.7	COG1154	1-deoxy-D-xylulose-5-phosphate synthase
OBCHJMAI_00667	CDS	585	maf_2		COG0424	Septum formation protein Maf
OBCHJMAI_00668	CDS	906	menA_2	2.5.1.74		1,4-dihydroxy-2-naphthoate octaprenyltransferase
OBCHJMAI_00669	CDS	456	smpB_1			SsrA-binding protein
OBCHJMAI_00670	CDS	744				hypothetical protein
OBCHJMAI_00671	CDS	1641				hypothetical protein
OBCHJMAI_00672	CDS	201				hypothetical protein
OBCHJMAI_00673	CDS	576	ycf3_3			Photosystem I assembly protein Ycf3
OBCHJMAI_00674	CDS	750	ykfC	3.4.14.13	COG0791	Gamma-D-glutamyl-L-lysine dipeptidyl-peptidase
OBCHJMAI_00675	CDS	1176	thlA	2.3.1.9	COG0183	Acetyl-CoA acetyltransferase
OBCHJMAI_00676	CDS	609				hypothetical protein
OBCHJMAI_00677	CDS	426	tadA_1	3.5.4.33	COG0590	tRNA-specific adenosine deaminase
OBCHJMAI_00678	CDS	201				hypothetical protein
OBCHJMAI_00679	CDS	579				hypothetical protein
OBCHJMAI_00680	CDS	570				hypothetical protein
OBCHJMAI_00681	CDS	981	nrdB	1.17.4.1	COG0208	Ribonucleoside-diphosphate reductase subunit beta
OBCHJMAI_00682	CDS	939				hypothetical protein
OBCHJMAI_00683	CDS	972				hypothetical protein
OBCHJMAI_00684	CDS	1176	hflX		COG2262	GTPase HflX
OBCHJMAI_00685	CDS	504				hypothetical protein
OBCHJMAI_00686	CDS	327	sufT			Fe-S protein maturation auxiliary factor SufT
OBCHJMAI_00687	CDS	429	sufE		COG2166	Cysteine desulfuration protein SufE
OBCHJMAI_00688	CDS	1230	sufS	2.8.1.7	COG0520	Cysteine desulfurase SufS
OBCHJMAI_00689	CDS	1314	sufD		COG0719	FeS cluster assembly protein SufD
OBCHJMAI_00690	CDS	753	sufC		COG0396	putative ATP-dependent transporter SufC
OBCHJMAI_00691	CDS	366				hypothetical protein
OBCHJMAI_00692	CDS	381	yabJ_1	3.5.99.10	COG0251	2-iminobutanoate/2-iminopropanoate deaminase
OBCHJMAI_00693	CDS	855				hypothetical protein
OBCHJMAI_00694	CDS	999	gapA	1.2.1.12	COG0057	Glyceraldehyde-3-phosphate dehydrogenase A
OBCHJMAI_00695	CDS	822	pfkA	2.7.1.11	COG0205	ATP-dependent 6-phosphofructokinase 1
OBCHJMAI_00696	CDS	387				hypothetical protein
OBCHJMAI_00697	tRNA	75				tRNA-Met(cat)
OBCHJMAI_00698	CDS	1374	hisS	6.1.1.21	COG0124	Histidine--tRNA ligase
OBCHJMAI_00699	CDS	474				hypothetical protein
OBCHJMAI_00700	CDS	453	rplI		COG0359	50S ribosomal protein L9
OBCHJMAI_00701	CDS	297	rpsR			30S ribosomal protein S18
OBCHJMAI_00702	CDS	339	rpsF		COG0360	30S ribosomal protein S6
OBCHJMAI_00703	CDS	675	natR		COG3279	Transcriptional regulatory protein NatR
OBCHJMAI_00704	CDS	1392	priA	3.6.4.-	COG1198	Primosomal protein N'
OBCHJMAI_00705	CDS	750				hypothetical protein
OBCHJMAI_00706	CDS	570	tsaC	2.7.7.87	COG0009	Threonylcarbamoyl-AMP synthase
OBCHJMAI_00707	CDS	1413	cca		COG0617	Multifunctional CCA protein
OBCHJMAI_00708	CDS	1038	ctaA	1.3.-.-		Heme A synthase
OBCHJMAI_00709	CDS	504				hypothetical protein
OBCHJMAI_00710	CDS	1995	uvrB		COG0556	UvrABC system protein B
OBCHJMAI_00711	CDS	1197	sucC	6.2.1.5		Succinate--CoA ligase [ADP-forming] subunit beta
OBCHJMAI_00712	CDS	1086				hypothetical protein
OBCHJMAI_00713	CDS	273				hypothetical protein
OBCHJMAI_00714	CDS	495				hypothetical protein
OBCHJMAI_00715	CDS	1638		3.5.1.93		Glutaryl-7-aminocephalosporanic-acid acylase
OBCHJMAI_00716	CDS	198				hypothetical protein
OBCHJMAI_00717	CDS	936				hypothetical protein
OBCHJMAI_00718	CDS	372				hypothetical protein
OBCHJMAI_00719	CDS	1053				hypothetical protein
OBCHJMAI_00720	CDS	483	asnC_1		COG1522	Regulatory protein AsnC
OBCHJMAI_00721	CDS	1071	aroB	4.2.3.4	COG0337	3-dehydroquinate synthase
OBCHJMAI_00722	CDS	2211				hypothetical protein
OBCHJMAI_00723	CDS	513				hypothetical protein
OBCHJMAI_00724	CDS	141				hypothetical protein
OBCHJMAI_00725	CDS	1836	bsn_1	3.1.-.-	COG2356	Extracellular ribonuclease
OBCHJMAI_00726	CDS	1215	rsmB	2.1.1.176	COG0144	Ribosomal RNA small subunit methyltransferase B
OBCHJMAI_00727	CDS	1827		3.6.3.-		Putative multidrug export ATP-binding/permease protein
OBCHJMAI_00728	CDS	1707	pgcA	5.4.2.2		Phosphoglucomutase
OBCHJMAI_00729	CDS	948	rgtE_2	2.4.1.-	COG0463	Dodecaprenyl-phosphate galacturonate synthase
OBCHJMAI_00730	CDS	522				hypothetical protein
OBCHJMAI_00731	CDS	252	rpmE2		COG0254	50S ribosomal protein L31 type B
OBCHJMAI_00732	CDS	1218				hypothetical protein
OBCHJMAI_00733	CDS	1593	ddpA		COG0747	putative D,D-dipeptide-binding periplasmic protein DdpA
OBCHJMAI_00734	CDS	1332	mtaB	2.8.4.5	COG0621	Threonylcarbamoyladenosine tRNA methylthiotransferase MtaB
OBCHJMAI_00735	CDS	285				hypothetical protein
OBCHJMAI_00736	CDS	648				hypothetical protein
OBCHJMAI_00737	CDS	561				hypothetical protein
OBCHJMAI_00738	CDS	162	rpmH		COG0230	50S ribosomal protein L34
OBCHJMAI_00739	CDS	2853	carB	6.3.5.5	COG0458	Carbamoyl-phosphate synthase large chain
OBCHJMAI_00740	CDS	1107				hypothetical protein
OBCHJMAI_00741	CDS	495				hypothetical protein
OBCHJMAI_00742	CDS	1473				hypothetical protein
OBCHJMAI_00743	CDS	507				hypothetical protein
OBCHJMAI_00744	CDS	1344	purB	4.3.2.2	COG0015	Adenylosuccinate lyase
OBCHJMAI_00745	CDS	585				hypothetical protein
OBCHJMAI_00746	CDS	777				hypothetical protein
OBCHJMAI_00747	CDS	1902	cshA	3.6.4.13	COG0513	DEAD-box ATP-dependent RNA helicase CshA
OBCHJMAI_00748	CDS	576		3.6.1.66	COG0127	dITP/XTP pyrophosphatase
OBCHJMAI_00749	CDS	468	rlmH	2.1.1.177	COG1576	Ribosomal RNA large subunit methyltransferase H
OBCHJMAI_00750	CDS	2757				hypothetical protein
OBCHJMAI_00751	CDS	1752	acnB	4.2.1.3	COG1049	Aconitate hydratase B
OBCHJMAI_00752	CDS	1515	betC_1	3.1.6.6	COG3119	Choline-sulfatase
OBCHJMAI_00753	CDS	225				hypothetical protein
OBCHJMAI_00754	CDS	1701				hypothetical protein
OBCHJMAI_00755	CDS	2406	cpt	3.4.17.18		Carboxypeptidase T
OBCHJMAI_00756	CDS	456	marR		COG1846	Multiple antibiotic resistance protein MarR
OBCHJMAI_00757	CDS	2409	fadN	1.1.1.35	COG1024	putative 3-hydroxyacyl-CoA dehydrogenase
OBCHJMAI_00758	CDS	1191	fadA	2.3.1.16	COG0183	3-ketoacyl-CoA thiolase
OBCHJMAI_00759	CDS	1791	fadE_1	1.3.99.-	COG1960	putative acyl-CoA dehydrogenase
OBCHJMAI_00760	CDS	891				hypothetical protein
OBCHJMAI_00761	CDS	3153				hypothetical protein
OBCHJMAI_00762	CDS	783				hypothetical protein
OBCHJMAI_00763	CDS	2418	dpp5_1	3.4.14.-	COG1506	Dipeptidyl-peptidase 5
OBCHJMAI_00764	CDS	237				hypothetical protein
OBCHJMAI_00765	CDS	798				hypothetical protein
OBCHJMAI_00766	CDS	657	nudL	3.6.1.-		putative Nudix hydrolase NudL
OBCHJMAI_00767	CDS	687	ppiB_2	5.2.1.8	COG0652	Peptidyl-prolyl cis-trans isomerase B
OBCHJMAI_00768	CDS	303	oxyR			Hydrogen peroxide-inducible genes activator
OBCHJMAI_00769	CDS	450				hypothetical protein
OBCHJMAI_00770	CDS	942	trxB	1.8.1.9	COG0492	Thioredoxin reductase
OBCHJMAI_00771	tRNA	76				tRNA-Pro(tgg)
OBCHJMAI_00772	CDS	1092	yliI	1.1.5.-	COG2133	Aldose sugar dehydrogenase YliI
OBCHJMAI_00773	CDS	618	udk	2.7.1.48	COG0572	Uridine kinase
OBCHJMAI_00774	CDS	306	ftsL			Cell division protein FtsL
OBCHJMAI_00775	CDS	1365	scpA_1	5.4.99.2	COG1884	Methylmalonyl-CoA mutase
OBCHJMAI_00776	CDS	489	scpA_2	5.4.99.2	COG1884	Methylmalonyl-CoA mutase
OBCHJMAI_00777	CDS	1044	thiL	2.7.4.16	COG0611	Thiamine-monophosphate kinase
OBCHJMAI_00778	CDS	1296	pepP	3.4.11.9	COG0006	Xaa-Pro aminopeptidase
OBCHJMAI_00779	CDS	672				hypothetical protein
OBCHJMAI_00780	CDS	2328	frdA	1.3.5.4		Fumarate reductase flavoprotein subunit
OBCHJMAI_00781	CDS	744	frdB	1.3.5.1	COG0479	Fumarate reductase iron-sulfur subunit
OBCHJMAI_00782	CDS	1575				hypothetical protein
OBCHJMAI_00783	CDS	1542	glyQS	6.1.1.14		Glycine--tRNA ligase
OBCHJMAI_00784	CDS	234				hypothetical protein
OBCHJMAI_00785	CDS	450	yqeY		COG1610	putative protein YqeY
OBCHJMAI_00786	CDS	1128	wbpE	2.6.1.98	COG0399	UDP-2-acetamido-2-deoxy-3-oxo-D-glucuronate aminotransferase
OBCHJMAI_00787	CDS	585	dnaJ		COG0484	Chaperone protein DnaJ
OBCHJMAI_00788	CDS	930	natA		COG4555	ABC transporter ATP-binding protein NatA
OBCHJMAI_00789	CDS	1311	yhaP		COG1668	putative protein YhaP
OBCHJMAI_00790	CDS	1167	zraR		COG2204	Transcriptional regulatory protein ZraR
OBCHJMAI_00791	CDS	1374		3.4.11.10		Bacterial leucyl aminopeptidase
OBCHJMAI_00792	CDS	810	kdsA	2.5.1.55	COG2877	2-dehydro-3-deoxyphosphooctonate aldolase
OBCHJMAI_00793	CDS	1800	typA		COG1217	GTP-binding protein TypA/BipA
OBCHJMAI_00794	CDS	870				hypothetical protein
OBCHJMAI_00795	CDS	1266	wzxE		COG2244	Lipid III flippase
OBCHJMAI_00796	CDS	909				hypothetical protein
OBCHJMAI_00797	CDS	1158				hypothetical protein
OBCHJMAI_00798	CDS	831				hypothetical protein
OBCHJMAI_00799	CDS	414	fdtA	5.3.2.3		TDP-4-oxo-6-deoxy-alpha-D-glucose-3,4-oxoisomerase
OBCHJMAI_00800	CDS	873				hypothetical protein
OBCHJMAI_00801	CDS	705	ftsE		COG2884	Cell division ATP-binding protein FtsE
OBCHJMAI_00802	CDS	177				hypothetical protein
OBCHJMAI_00803	CDS	1143	xylI	3.2.1.8	COG3693	Endo-1,4-beta-xylanase A
OBCHJMAI_00804	CDS	1173	xynA	3.2.1.8		Endo-1,4-beta-xylanase A
OBCHJMAI_00805	CDS	666				hypothetical protein
OBCHJMAI_00806	CDS	576	gmk	2.7.4.8	COG0194	Guanylate kinase
OBCHJMAI_00807	CDS	579	nadD	2.7.7.18	COG1057	Nicotinate-nucleotide adenylyltransferase
OBCHJMAI_00808	CDS	216				hypothetical protein
OBCHJMAI_00809	CDS	12555				hypothetical protein
OBCHJMAI_00810	CDS	1050				hypothetical protein
OBCHJMAI_00811	CDS	402				hypothetical protein
OBCHJMAI_00812	CDS	459				hypothetical protein
OBCHJMAI_00813	CDS	1338		3.4.11.10		Bacterial leucyl aminopeptidase
OBCHJMAI_00814	CDS	627	fadE_2	1.3.99.-	COG1960	putative acyl-CoA dehydrogenase
OBCHJMAI_00815	CDS	306	trmH	2.1.1.34	COG0566	tRNA (guanosine(18)-2'-O)-methyltransferase
OBCHJMAI_00816	CDS	714				hypothetical protein
OBCHJMAI_00817	CDS	732	menG_1	2.1.1.163		Demethylmenaquinone methyltransferase
OBCHJMAI_00818	CDS	246				hypothetical protein
OBCHJMAI_00819	CDS	879				hypothetical protein
OBCHJMAI_00820	CDS	1125				hypothetical protein
OBCHJMAI_00821	CDS	735		2.3.1.-		Putative pyridoxal phosphate-dependent acyltransferase
OBCHJMAI_00822	CDS	609	aldB	4.1.1.5	COG3527	Alpha-acetolactate decarboxylase
OBCHJMAI_00823	CDS	396				hypothetical protein
OBCHJMAI_00824	CDS	99				hypothetical protein
OBCHJMAI_00825	CDS	264				hypothetical protein
OBCHJMAI_00826	tRNA	86				tRNA-Leu(taa)
OBCHJMAI_00827	tRNA	73				tRNA-Gly(gcc)
OBCHJMAI_00828	CDS	2598	mutS		COG0249	DNA mismatch repair protein MutS
OBCHJMAI_00829	CDS	522	rlmB	2.1.1.185	COG0566	23S rRNA (guanosine-2'-O-)-methyltransferase RlmB
OBCHJMAI_00830	CDS	1125	dgk	2.7.1.113	COG1428	Deoxyguanosine kinase
OBCHJMAI_00831	CDS	705				hypothetical protein
OBCHJMAI_00832	CDS	792				hypothetical protein
OBCHJMAI_00833	CDS	1509				hypothetical protein
OBCHJMAI_00834	CDS	1227	clpX		COG1219	ATP-dependent Clp protease ATP-binding subunit ClpX
OBCHJMAI_00835	CDS	675	clpP	3.4.21.92	COG0740	ATP-dependent Clp protease proteolytic subunit
OBCHJMAI_00836	CDS	1326	tig	5.2.1.8	COG0544	Trigger factor
OBCHJMAI_00837	CDS	777	ybfF	3.1.-.-	COG0596	Esterase YbfF
OBCHJMAI_00838	CDS	714	pdxJ	2.6.99.2		Pyridoxine 5'-phosphate synthase
OBCHJMAI_00839	CDS	309				hypothetical protein
OBCHJMAI_00840	CDS	876	nadK	2.7.1.23	COG0061	NAD kinase
OBCHJMAI_00841	CDS	672				hypothetical protein
OBCHJMAI_00842	CDS	729	uppS	2.5.1.31		Ditrans,polycis-undecaprenyl-diphosphate synthase ((2E,6E)-farnesyl-diphosphate specific)
OBCHJMAI_00843	CDS	2556	bamA		COG4775	Outer membrane protein assembly factor BamA
OBCHJMAI_00844	CDS	1098				hypothetical protein
OBCHJMAI_00845	CDS	510				hypothetical protein
OBCHJMAI_00846	CDS	780	murI	5.1.1.3		Glutamate racemase
OBCHJMAI_00847	CDS	1017				hypothetical protein
OBCHJMAI_00848	CDS	903	nfuA_1			Fe/S biogenesis protein NfuA
OBCHJMAI_00849	CDS	2097				hypothetical protein
OBCHJMAI_00850	CDS	675	tsaB		COG1214	tRNA threonylcarbamoyladenosine biosynthesis protein TsaB
OBCHJMAI_00851	CDS	1308	tolC		COG1538	Outer membrane protein TolC
OBCHJMAI_00852	CDS	1137	macA		COG0845	Macrolide export protein MacA
OBCHJMAI_00853	CDS	1239	macB_1	3.6.3.-		Macrolide export ATP-binding/permease protein MacB
OBCHJMAI_00854	CDS	1230	macB_2	3.6.3.-		Macrolide export ATP-binding/permease protein MacB
OBCHJMAI_00855	CDS	690	yknY	3.6.3.-	COG1136	putative ABC transporter ATP-binding protein YknY
OBCHJMAI_00856	CDS	1143				hypothetical protein
OBCHJMAI_00857	CDS	327				hypothetical protein
OBCHJMAI_00858	CDS	156				hypothetical protein
OBCHJMAI_00859	CDS	219				hypothetical protein
OBCHJMAI_00860	CDS	270				hypothetical protein
OBCHJMAI_00861	CDS	573				hypothetical protein
OBCHJMAI_00862	CDS	453				hypothetical protein
OBCHJMAI_00863	CDS	210				hypothetical protein
OBCHJMAI_00864	CDS	516				hypothetical protein
OBCHJMAI_00865	CDS	738	ypmQ_2		COG1999	SCO1 protein 
OBCHJMAI_00866	CDS	708				hypothetical protein
OBCHJMAI_00867	CDS	381				hypothetical protein
OBCHJMAI_00868	CDS	978	qoxC	1.10.3.-		Quinol oxidase subunit 3
OBCHJMAI_00869	CDS	582	ctaE	1.9.3.1		Cytochrome c oxidase subunit 3
OBCHJMAI_00870	CDS	873	ctaB1	2.5.1.-	COG0109	Protoheme IX farnesyltransferase 1
OBCHJMAI_00871	CDS	930				hypothetical protein
OBCHJMAI_00872	CDS	717				hypothetical protein
OBCHJMAI_00873	CDS	363				hypothetical protein
OBCHJMAI_00874	CDS	381	gcvH			Glycine cleavage system H protein
OBCHJMAI_00875	CDS	7164				hypothetical protein
OBCHJMAI_00876	CDS	585	ruvA	3.6.4.12	COG0632	Holliday junction ATP-dependent DNA helicase RuvA
OBCHJMAI_00877	CDS	2280	maeB	1.1.1.40	COG0280	NADP-dependent malic enzyme
OBCHJMAI_00878	CDS	927	queG	1.17.99.6	COG1600	Epoxyqueuosine reductase
OBCHJMAI_00879	CDS	1080	ruvB	3.6.4.12	COG2255	Holliday junction ATP-dependent DNA helicase RuvB
OBCHJMAI_00880	CDS	1788	coxN	1.9.3.1	COG0843	Alternative cytochrome c oxidase subunit 1
OBCHJMAI_00881	CDS	1083	coxM	1.9.3.1	COG1622	Alternative cytochrome c oxidase subunit 2
OBCHJMAI_00882	CDS	1332				hypothetical protein
OBCHJMAI_00883	CDS	561	petJ			Cytochrome c6
OBCHJMAI_00884	CDS	534				hypothetical protein
OBCHJMAI_00885	CDS	1461				hypothetical protein
OBCHJMAI_00886	CDS	3132	qrcC	1.97.-.-	COG0437	Menaquinone reductase, iron-sulfur cluster-binding subunit
OBCHJMAI_00887	CDS	1335	qrcA	1.97.-.-		Menaquinone reductase, multiheme cytochrome c subunit
OBCHJMAI_00888	CDS	405				hypothetical protein
OBCHJMAI_00889	CDS	2691	infB			Translation initiation factor IF-2
OBCHJMAI_00890	CDS	1233	nusA		COG0195	Transcription termination/antitermination protein NusA
OBCHJMAI_00891	CDS	462	rimP			Ribosome maturation factor RimP
OBCHJMAI_00892	tRNA	74				tRNA-Gln(ttg)
OBCHJMAI_00893	CDS	3237				hypothetical protein
OBCHJMAI_00894	CDS	297	trxA_1			Thioredoxin
OBCHJMAI_00895	CDS	1209	lpxG	3.6.1.-	COG1408	UDP-2,3-diacylglucosamine pyrophosphatase LpxG
OBCHJMAI_00896	CDS	1644	fucP		COG0738	L-fucose-proton symporter
OBCHJMAI_00897	CDS	975		3.5.1.26		N(4)-(Beta-N-acetylglucosaminyl)-L-asparaginase
OBCHJMAI_00898	CDS	2811	polA	2.7.7.7	COG0258	DNA polymerase I
OBCHJMAI_00899	CDS	456	rplM		COG0102	50S ribosomal protein L13
OBCHJMAI_00900	CDS	390	rpsI		COG0103	30S ribosomal protein S9
OBCHJMAI_00901	CDS	855	rpsB		COG0052	30S ribosomal protein S2
OBCHJMAI_00902	CDS	825	tsf		COG0264	Elongation factor Ts
OBCHJMAI_00903	CDS	711	pyrH	2.7.4.22	COG0528	Uridylate kinase
OBCHJMAI_00904	CDS	558	frr		COG0233	Ribosome-recycling factor
OBCHJMAI_00905	CDS	2415				hypothetical protein
OBCHJMAI_00906	CDS	1434	asnS	6.1.1.22	COG0017	Asparagine--tRNA ligase
OBCHJMAI_00907	CDS	1413	rpoN		COG1508	RNA polymerase sigma-54 factor
OBCHJMAI_00908	CDS	483				hypothetical protein
OBCHJMAI_00909	CDS	597				hypothetical protein
OBCHJMAI_00910	CDS	414				hypothetical protein
OBCHJMAI_00911	CDS	816				hypothetical protein
OBCHJMAI_00912	tRNA	89				tRNA-Ser(gga)
OBCHJMAI_00913	CDS	1050	ansA	3.5.1.1	COG0252	L-asparaginase 1
OBCHJMAI_00914	CDS	771	dtd3	3.1.1.96		D-aminoacyl-tRNA deacylase
OBCHJMAI_00915	CDS	1212	sucB	2.3.1.61	COG0508	Dihydrolipoyllysine-residue succinyltransferase component of 2-oxoglutarate dehydrogenase complex
OBCHJMAI_00916	CDS	2775	sucA	1.2.4.2	COG0567	2-oxoglutarate dehydrogenase E1 component
OBCHJMAI_00917	CDS	972		2.5.1.10	COG0142	(2E,6E)-farnesyl diphosphate synthase
OBCHJMAI_00918	CDS	441				hypothetical protein
OBCHJMAI_00919	CDS	600	yfiR			putative HTH-type transcriptional regulator YfiR
OBCHJMAI_00920	CDS	1407				hypothetical protein
OBCHJMAI_00921	CDS	1155	czcB			Cobalt-zinc-cadmium resistance protein CzcB
OBCHJMAI_00922	CDS	3477	mepB		COG0841	Multidrug/solvent efflux pump membrane transporter MepB
OBCHJMAI_00923	CDS	1749	aspS	6.1.1.12		Aspartate--tRNA ligase
OBCHJMAI_00924	CDS	285				hypothetical protein
OBCHJMAI_00925	CDS	978				hypothetical protein
OBCHJMAI_00926	CDS	444	tadA_2	3.5.4.33	COG0590	tRNA-specific adenosine deaminase
OBCHJMAI_00927	CDS	2613				hypothetical protein
OBCHJMAI_00928	CDS	1440	ethA	1.14.13.-		FAD-containing monooxygenase EthA
OBCHJMAI_00929	CDS	1749	dxs_2	2.2.1.7	COG1154	1-deoxy-D-xylulose-5-phosphate synthase
OBCHJMAI_00930	CDS	1329	dgt	3.1.5.1	COG0232	Deoxyguanosinetriphosphate triphosphohydrolase
OBCHJMAI_00931	CDS	1005				hypothetical protein
OBCHJMAI_00932	CDS	2289				hypothetical protein
OBCHJMAI_00933	CDS	906				hypothetical protein
OBCHJMAI_00934	CDS	342				hypothetical protein
OBCHJMAI_00935	CDS	957				hypothetical protein
OBCHJMAI_00936	CDS	324	yciH		COG0023	putative protein YciH
OBCHJMAI_00937	CDS	876	udp	2.4.2.3	COG2820	Uridine phosphorylase
OBCHJMAI_00938	CDS	351				hypothetical protein
OBCHJMAI_00939	CDS	666	ung	3.2.2.27	COG0692	Uracil-DNA glycosylase
OBCHJMAI_00940	CDS	1281	gltT			Proton/sodium-glutamate symport protein
OBCHJMAI_00941	CDS	1065	aroC	4.2.3.5	COG0082	Chorismate synthase
OBCHJMAI_00942	CDS	1398		1.-.-.-	COG0277	putative FAD-linked oxidoreductase
OBCHJMAI_00943	CDS	1383		3.2.1.-		Glycosyl hydrolase family 109 protein 1
OBCHJMAI_00944	CDS	1128	bshA	2.4.1.-	COG0438	N-acetyl-alpha-D-glucosaminyl L-malate synthase
OBCHJMAI_00945	CDS	2922	nagZ	3.2.1.52	COG1472	Beta-hexosaminidase
OBCHJMAI_00946	CDS	486				hypothetical protein
OBCHJMAI_00947	CDS	795	fadF_1	1.-.-.-	COG0247	putative iron-sulfur-binding oxidoreductase FadF
OBCHJMAI_00948	CDS	435				hypothetical protein
OBCHJMAI_00949	CDS	1302	fadF_2	1.-.-.-	COG0247	putative iron-sulfur-binding oxidoreductase FadF
OBCHJMAI_00950	CDS	942				hypothetical protein
OBCHJMAI_00951	CDS	1071	amiA	3.5.1.28	COG0860	N-acetylmuramoyl-L-alanine amidase AmiA
OBCHJMAI_00952	CDS	642	xynB	3.2.1.8		Endo-1,4-beta-xylanase B
OBCHJMAI_00953	CDS	2337		3.2.1.21	COG1472	Beta-glucosidase BoGH3B
OBCHJMAI_00954	CDS	1386	betC_2	3.1.6.6	COG3119	Choline-sulfatase
OBCHJMAI_00955	CDS	873				hypothetical protein
OBCHJMAI_00956	CDS	345				hypothetical protein
OBCHJMAI_00957	CDS	1995	celH	3.2.1.4	COG2730	Endoglucanase H
OBCHJMAI_00958	CDS	2199	xyl3A	3.2.1.37	COG1472	Xylan 1,4-beta-xylosidase
OBCHJMAI_00959	CDS	525				hypothetical protein
OBCHJMAI_00960	CDS	3465				hypothetical protein
OBCHJMAI_00961	tRNA	75				tRNA-Arg(acg)
OBCHJMAI_00962	CDS	231				hypothetical protein
OBCHJMAI_00963	CDS	153				hypothetical protein
OBCHJMAI_00964	CDS	426				hypothetical protein
OBCHJMAI_00965	CDS	351	yfgD		COG1393	putative protein YfgD
OBCHJMAI_00966	CDS	774	prfB			Peptide chain release factor 2
OBCHJMAI_00967	CDS	2430				hypothetical protein
OBCHJMAI_00968	CDS	1020	ltaA	4.1.2.49		L-allo-threonine aldolase
OBCHJMAI_00969	CDS	1041	cbs_2	4.2.1.22	COG0031	Putative cystathionine beta-synthase
OBCHJMAI_00970	CDS	915	yfkN		COG0737	Trifunctional nucleotide phosphoesterase protein YfkN
OBCHJMAI_00971	CDS	1347	ligA	6.5.1.2	COG0272	DNA ligase
OBCHJMAI_00972	CDS	375				hypothetical protein
OBCHJMAI_00973	CDS	1323				hypothetical protein
OBCHJMAI_00974	CDS	2577	csxA	3.2.1.165	COG3250	Exo-beta-D-glucosaminidase
OBCHJMAI_00975	CDS	489				hypothetical protein
OBCHJMAI_00976	CDS	918				hypothetical protein
OBCHJMAI_00977	CDS	750				hypothetical protein
OBCHJMAI_00978	CDS	213				hypothetical protein
OBCHJMAI_00979	CDS	1215				hypothetical protein
OBCHJMAI_00980	CDS	1245				hypothetical protein
OBCHJMAI_00981	CDS	483	cdd_1	3.5.4.5	COG0295	Cytidine deaminase
OBCHJMAI_00982	CDS	183				hypothetical protein
OBCHJMAI_00983	CDS	1620	ybiT		COG0488	putative ABC transporter ATP-binding protein YbiT
OBCHJMAI_00984	CDS	2427	pheT	6.1.1.20	COG0072	Phenylalanine--tRNA ligase beta subunit
OBCHJMAI_00985	CDS	1209	resA_3			Thiol-disulfide oxidoreductase ResA
OBCHJMAI_00986	CDS	1605	recG	3.6.4.12	COG1200	ATP-dependent DNA helicase RecG
OBCHJMAI_00987	CDS	615	engB		COG0218	putative GTP-binding protein EngB
OBCHJMAI_00988	CDS	1644	cda	3.6.3.8		Calcium-transporting ATPase
OBCHJMAI_00989	CDS	738	mlaE		COG0767	putative phospholipid ABC transporter permease protein MlaE
OBCHJMAI_00990	CDS	759	mkl		COG1127	putative ribonucleotide transport ATP-binding protein mkl
OBCHJMAI_00991	CDS	1440		3.1.6.1	COG3119	Arylsulfatase
OBCHJMAI_00992	CDS	1584	dpp5_2	3.4.14.-	COG1506	Dipeptidyl-peptidase 5
OBCHJMAI_00993	CDS	807				hypothetical protein
OBCHJMAI_00994	CDS	909	lipA	2.8.1.8		Lipoyl synthase
OBCHJMAI_00995	CDS	1008	lpxK	2.7.1.130	COG1663	Tetraacyldisaccharide 4'-kinase
OBCHJMAI_00996	CDS	396		2.8.1.-	COG0607	Sulfurtransferase
OBCHJMAI_00997	CDS	1035	nahK	2.7.1.162		N-acetylhexosamine 1-kinase
OBCHJMAI_00998	CDS	885				hypothetical protein
OBCHJMAI_00999	CDS	195				hypothetical protein
OBCHJMAI_01000	CDS	504				hypothetical protein
OBCHJMAI_01001	CDS	906				hypothetical protein
OBCHJMAI_01002	CDS	780				hypothetical protein
OBCHJMAI_01003	CDS	609	dck	2.7.1.74	COG1428	Deoxyadenosine/deoxycytidine kinase
OBCHJMAI_01004	CDS	2382	hppA1	3.6.1.1	COG3808	Putative K(+)-stimulated pyrophosphate-energized sodium pump
OBCHJMAI_01005	CDS	981	pdhB_1	1.2.4.1		Pyruvate dehydrogenase E1 component subunit beta
OBCHJMAI_01006	CDS	747	etfB			Electron transfer flavoprotein subunit beta
OBCHJMAI_01007	CDS	960	etfA		COG2025	Electron transfer flavoprotein subunit alpha
OBCHJMAI_01008	CDS	600			COG1259	putative protein
OBCHJMAI_01009	CDS	1668	nupX		COG1972	Putative nucleoside permease NupX
OBCHJMAI_01010	CDS	825	thyA2	2.1.1.45	COG0207	Thymidylate synthase 2
OBCHJMAI_01011	CDS	504	dfrA	1.5.1.3	COG0262	Dihydrofolate reductase
OBCHJMAI_01012	CDS	885	fabD	2.3.1.39	COG0331	Malonyl CoA-acyl carrier protein transacylase
OBCHJMAI_01013	CDS	483	lspA	3.4.23.36	COG0597	Lipoprotein signal peptidase
OBCHJMAI_01014	CDS	1278			COG1228	putative protein
OBCHJMAI_01015	CDS	1161	waaA	2.4.99.12	COG1519	3-deoxy-D-manno-octulosonic acid transferase
OBCHJMAI_01016	CDS	477	yabJ_2	3.5.99.10	COG0251	2-iminobutanoate/2-iminopropanoate deaminase
OBCHJMAI_01017	CDS	1401	lpxC	3.5.1.108	COG0774	UDP-3-O-acyl-N-acetylglucosamine deacetylase
OBCHJMAI_01018	CDS	786	lpxA	2.3.1.129		Acyl-[acyl-carrier-protein]--UDP-N-acetylglucosamine O-acyltransferase
OBCHJMAI_01019	CDS	567	efp		COG0231	Elongation factor P
OBCHJMAI_01020	CDS	873	sucD	6.2.1.5	COG0074	Succinate--CoA ligase [ADP-forming] subunit alpha
OBCHJMAI_01021	CDS	744	fabG	1.1.1.100		3-oxoacyl-[acyl-carrier-protein] reductase FabG
OBCHJMAI_01022	CDS	1407	rlmCD	2.1.1.189	COG2265	23S rRNA (uracil-C(5))-methyltransferase RlmCD
OBCHJMAI_01023	CDS	528				hypothetical protein
OBCHJMAI_01024	CDS	699				hypothetical protein
OBCHJMAI_01025	CDS	210				hypothetical protein
OBCHJMAI_01026	CDS	462				hypothetical protein
OBCHJMAI_01027	CDS	549				hypothetical protein
OBCHJMAI_01028	CDS	369				hypothetical protein
OBCHJMAI_01029	CDS	258				hypothetical protein
OBCHJMAI_01030	CDS	579				hypothetical protein
OBCHJMAI_01031	CDS	573				hypothetical protein
OBCHJMAI_01032	CDS	1242				hypothetical protein
OBCHJMAI_01033	CDS	402				hypothetical protein
OBCHJMAI_01034	CDS	759				hypothetical protein
OBCHJMAI_01035	CDS	4452				hypothetical protein
OBCHJMAI_01036	CDS	450				hypothetical protein
OBCHJMAI_01037	CDS	588				hypothetical protein
OBCHJMAI_01038	CDS	954			COG1702	PhoH-like protein
OBCHJMAI_01039	CDS	831	salL	2.5.1.94	COG1912	Adenosyl-chloride synthase
OBCHJMAI_01040	CDS	1119	dnaN		COG0592	Beta sliding clamp
OBCHJMAI_01041	CDS	648				hypothetical protein
OBCHJMAI_01042	CDS	801				hypothetical protein
OBCHJMAI_01043	CDS	819				hypothetical protein
OBCHJMAI_01044	CDS	570				hypothetical protein
OBCHJMAI_01045	CDS	678				hypothetical protein
OBCHJMAI_01046	CDS	1116	dpaL	4.3.1.15	COG1171	Diaminopropionate ammonia-lyase
OBCHJMAI_01047	CDS	1230	rhlE	3.6.4.13	COG0513	ATP-dependent RNA helicase RhlE
OBCHJMAI_01048	CDS	450	yqaA		COG1238	Inner membrane protein YqaA
OBCHJMAI_01049	CDS	570	sttH	3.5.2.19		Streptothricin hydrolase
OBCHJMAI_01050	CDS	939	thrB_2	2.7.1.39	COG2334	Homoserine kinase
OBCHJMAI_01051	CDS	447				hypothetical protein
OBCHJMAI_01052	CDS	720	ycgJ	2.1.1.-		putative methyltransferase YcgJ
OBCHJMAI_01053	CDS	663	pgmB	5.4.2.6	COG0637	Beta-phosphoglucomutase
OBCHJMAI_01054	CDS	486				hypothetical protein
OBCHJMAI_01055	CDS	408				hypothetical protein
OBCHJMAI_01056	CDS	465	msrC	1.8.4.14	COG1956	Free methionine-R-sulfoxide reductase
OBCHJMAI_01057	CDS	495				hypothetical protein
OBCHJMAI_01058	CDS	714				hypothetical protein
OBCHJMAI_01059	CDS	1083				hypothetical protein
OBCHJMAI_01060	CDS	480	resA_4		COG0526	Thiol-disulfide oxidoreductase ResA
OBCHJMAI_01061	CDS	1644				hypothetical protein
OBCHJMAI_01062	CDS	534				hypothetical protein
OBCHJMAI_01063	CDS	1713				hypothetical protein
OBCHJMAI_01064	CDS	636	rsmG	2.1.1.170	COG0357	Ribosomal RNA small subunit methyltransferase G
OBCHJMAI_01065	CDS	1134	desA3	1.14.19.-	COG3239	NADPH-dependent stearoyl-CoA 9-desaturase
OBCHJMAI_01066	CDS	246				hypothetical protein
OBCHJMAI_01067	CDS	786	sdh	1.1.1.276		Serine 3-dehydrogenase
OBCHJMAI_01068	CDS	516				hypothetical protein
OBCHJMAI_01069	CDS	417				hypothetical protein
OBCHJMAI_01070	CDS	426				hypothetical protein
OBCHJMAI_01071	CDS	321				hypothetical protein
OBCHJMAI_01072	CDS	1230		1.3.1.-	COG3268	Putative trans-acting enoyl reductase
OBCHJMAI_01073	CDS	501				hypothetical protein
OBCHJMAI_01074	CDS	603				hypothetical protein
OBCHJMAI_01075	CDS	819				hypothetical protein
OBCHJMAI_01076	CDS	753	gluP	3.4.21.105	COG0705	Rhomboid protease GluP
OBCHJMAI_01077	CDS	1800	mutL			DNA mismatch repair protein MutL
OBCHJMAI_01078	CDS	267				hypothetical protein
OBCHJMAI_01079	CDS	477	ribH	2.5.1.78		6,7-dimethyl-8-ribityllumazine synthase
OBCHJMAI_01080	CDS	765				hypothetical protein
OBCHJMAI_01081	CDS	810	recF_1		COG1195	DNA replication and repair protein RecF
OBCHJMAI_01082	CDS	936				hypothetical protein
OBCHJMAI_01083	CDS	765				hypothetical protein
OBCHJMAI_01084	CDS	1521				SusD-like protein
OBCHJMAI_01085	CDS	3192	susC_4			TonB-dependent receptor SusC
OBCHJMAI_01086	CDS	3267	xghA	3.2.1.-		Xyloglucanase Xgh74A
OBCHJMAI_01087	CDS	1104				hypothetical protein
OBCHJMAI_01088	CDS	1566				hypothetical protein
OBCHJMAI_01089	CDS	606	yigZ		COG1739	IMPACT family member YigZ
OBCHJMAI_01090	CDS	477				hypothetical protein
OBCHJMAI_01091	CDS	480	asnC_2		COG1522	Regulatory protein AsnC
OBCHJMAI_01092	CDS	1053				hypothetical protein
OBCHJMAI_01093	CDS	1077	metC_2	4.4.1.8	COG0626	Cystathionine beta-lyase
OBCHJMAI_01094	CDS	1344	gdhA	1.4.1.3		NAD(P)-specific glutamate dehydrogenase
OBCHJMAI_01095	CDS	2328				hypothetical protein
OBCHJMAI_01096	CDS	723	recO			DNA repair protein RecO
OBCHJMAI_01097	CDS	2451	cirA		COG4771	Colicin I receptor
OBCHJMAI_01098	CDS	465	recX			Regulatory protein RecX
OBCHJMAI_01099	CDS	372				hypothetical protein
OBCHJMAI_01100	CDS	759				hypothetical protein
OBCHJMAI_01101	CDS	1011	rluD	5.4.99.23	COG0564	Ribosomal large subunit pseudouridine synthase D
OBCHJMAI_01102	CDS	552				hypothetical protein
OBCHJMAI_01103	CDS	975	ddl	6.3.2.4	COG1181	D-alanine--D-alanine ligase
OBCHJMAI_01104	CDS	462	coaD	2.7.7.3	COG0669	Phosphopantetheine adenylyltransferase
OBCHJMAI_01105	CDS	582	ndx1	3.6.1.61	COG0494	Diadenosine hexaphosphate hydrolase
OBCHJMAI_01106	CDS	654	pyrE	2.4.2.10		Orotate phosphoribosyltransferase
OBCHJMAI_01107	CDS	507	birA	6.3.4.15	COG0340	Bifunctional ligase/repressor BirA
OBCHJMAI_01108	CDS	2277				hypothetical protein
OBCHJMAI_01109	CDS	2148				hypothetical protein
OBCHJMAI_01110	CDS	1770				hypothetical protein
OBCHJMAI_01111	CDS	1230				hypothetical protein
OBCHJMAI_01112	CDS	429				hypothetical protein
OBCHJMAI_01113	CDS	972	kdsD	5.3.1.13	COG0517	Arabinose 5-phosphate isomerase KdsD
OBCHJMAI_01114	CDS	807	tatC2		COG0805	Sec-independent protein translocase protein TatCy
OBCHJMAI_01115	CDS	741	lptB	3.6.3.-	COG1137	Lipopolysaccharide export system ATP-binding protein LptB
OBCHJMAI_01116	CDS	714	pgsA	2.7.8.5		CDP-diacylglycerol--glycerol-3-phosphate 3-phosphatidyltransferase
OBCHJMAI_01117	CDS	1068				hypothetical protein
OBCHJMAI_01118	CDS	1620				hypothetical protein
OBCHJMAI_01119	CDS	744				hypothetical protein
OBCHJMAI_01120	CDS	387	apaG		COG2967	Protein ApaG
OBCHJMAI_01121	CDS	1248				hypothetical protein
OBCHJMAI_01122	CDS	1353	nqrA	1.6.5.8	COG1726	Na(+)-translocating NADH-quinone reductase subunit A
OBCHJMAI_01123	CDS	1212	nqrB	1.6.5.8	COG1805	Na(+)-translocating NADH-quinone reductase subunit B
OBCHJMAI_01124	CDS	753	nqrC	1.6.5.8	COG2869	Na(+)-translocating NADH-quinone reductase subunit C
OBCHJMAI_01125	CDS	642	nqrD	1.6.5.8	COG1347	Na(+)-translocating NADH-quinone reductase subunit D
OBCHJMAI_01126	CDS	726	nqrE	1.6.5.8	COG2209	Na(+)-translocating NADH-quinone reductase subunit E
OBCHJMAI_01127	CDS	1308	nqrF	1.6.5.8	COG2871	Na(+)-translocating NADH-quinone reductase subunit F
OBCHJMAI_01128	CDS	378				hypothetical protein
OBCHJMAI_01129	CDS	966	apbE	2.7.1.180	COG1477	FAD:protein FMN transferase
OBCHJMAI_01130	CDS	756	menG_2			2-phytyl-1,4-naphtoquinone methyltransferase
OBCHJMAI_01131	CDS	816	map	3.4.11.18	COG0024	Methionine aminopeptidase 1
OBCHJMAI_01132	CDS	1494	gpmI	5.4.2.12	COG0696	2,3-bisphosphoglycerate-independent phosphoglycerate mutase
OBCHJMAI_01133	CDS	708	pepE	3.4.13.21	COG3340	Peptidase E
OBCHJMAI_01134	CDS	285	tatA			Sec-independent protein translocase protein TatA
OBCHJMAI_01135	CDS	645		2.1.1.-	COG4122	Putative O-methyltransferase/MSMEI_4947
OBCHJMAI_01136	CDS	1257	kynU	3.7.1.3		Kynureninase
OBCHJMAI_01137	CDS	654	msrA1	1.8.4.11	COG0225	Peptide methionine sulfoxide reductase MsrA 1
OBCHJMAI_01138	CDS	780				hypothetical protein
OBCHJMAI_01139	CDS	372			COG0327	GTP cyclohydrolase 1 type 2 
OBCHJMAI_01140	CDS	1233	rocD	2.6.1.13	COG4992	Ornithine aminotransferase
OBCHJMAI_01141	CDS	1152	iscS	2.8.1.7	COG1104	Cysteine desulfurase IscS
OBCHJMAI_01142	CDS	2454				hypothetical protein
OBCHJMAI_01143	CDS	1683	mepM_3	3.4.24.-	COG0739	Murein DD-endopeptidase MepM
OBCHJMAI_01144	CDS	291				hypothetical protein
OBCHJMAI_01145	CDS	288				hypothetical protein
OBCHJMAI_01146	CDS	1572	rny	3.1.-.-	COG1418	Ribonuclease Y
OBCHJMAI_01147	CDS	828				hypothetical protein
OBCHJMAI_01148	CDS	2376	susC_5			TonB-dependent receptor SusC
OBCHJMAI_01149	CDS	138				hypothetical protein
OBCHJMAI_01150	CDS	648	tam	2.1.1.144		Trans-aconitate 2-methyltransferase
OBCHJMAI_01151	tRNA	73				tRNA-Arg(cct)
OBCHJMAI_01152	CDS	576				hypothetical protein
OBCHJMAI_01153	CDS	747				hypothetical protein
OBCHJMAI_01154	CDS	2292	pkn1_2	2.7.11.1	COG0515	Serine/threonine-protein kinase pkn1
OBCHJMAI_01155	CDS	330				hypothetical protein
OBCHJMAI_01156	CDS	2043	dsbD_2	1.8.1.8	COG4232	Thiol:disulfide interchange protein DsbD
OBCHJMAI_01157	CDS	642				hypothetical protein
OBCHJMAI_01158	CDS	954	ftsY		COG0552	Signal recognition particle receptor FtsY
OBCHJMAI_01159	CDS	153				hypothetical protein
OBCHJMAI_01160	CDS	183	rpmG1		COG0267	50S ribosomal protein L33 1
OBCHJMAI_01161	CDS	237	rpmB		COG0227	50S ribosomal protein L28
OBCHJMAI_01162	CDS	1248	pncC	3.5.1.42	COG1058	Nicotinamide-nucleotide amidohydrolase PncC
OBCHJMAI_01163	CDS	612	ycgM		COG0179	putative protein YcgM
OBCHJMAI_01164	CDS	777		3.1.-.-	COG0322	Putative bifunctional exonuclease/endonuclease protein
OBCHJMAI_01165	CDS	1317	odhB	2.3.1.61		Dihydrolipoyllysine-residue succinyltransferase component of 2-oxoglutarate dehydrogenase complex
OBCHJMAI_01166	CDS	1119	wbbL_1	2.4.1.289	COG1216	N-acetylglucosaminyl-diphospho-decaprenol L-rhamnosyltransferase
OBCHJMAI_01167	CDS	618	recR		COG0353	Recombination protein RecR
OBCHJMAI_01168	CDS	1587	sglT_2			Sodium/glucose cotransporter
OBCHJMAI_01169	CDS	744				hypothetical protein
OBCHJMAI_01170	CDS	1890	htpG		COG0326	Chaperone protein HtpG
OBCHJMAI_01171	CDS	360				hypothetical protein
OBCHJMAI_01172	CDS	135				hypothetical protein
OBCHJMAI_01173	CDS	1242				hypothetical protein
OBCHJMAI_01174	CDS	1521				hypothetical protein
OBCHJMAI_01175	CDS	1311				hypothetical protein
OBCHJMAI_01176	CDS	609				hypothetical protein
OBCHJMAI_01177	CDS	525	rimM		COG0806	Ribosome maturation factor RimM
OBCHJMAI_01178	CDS	1083	yeaW	1.14.13.-	COG4638	Carnitine monooxygenase oxygenase subunit
OBCHJMAI_01179	CDS	1179	mmgC_2	1.3.99.-	COG1960	Acyl-CoA dehydrogenase
OBCHJMAI_01180	CDS	780				hypothetical protein
OBCHJMAI_01181	CDS	723				hypothetical protein
OBCHJMAI_01182	CDS	330	thcC			Rhodocoxin
OBCHJMAI_01183	CDS	1056		1.18.1.2	COG0492	Ferredoxin--NADP reductase
OBCHJMAI_01184	CDS	237	nfuA_2		COG0316	Fe/S biogenesis protein NfuA
OBCHJMAI_01185	CDS	1110	apbC		COG0489	Iron-sulfur cluster carrier protein
OBCHJMAI_01186	CDS	333	atl		COG3695	DNA base-flipping protein
OBCHJMAI_01187	CDS	675	trmB	2.1.1.33	COG0220	tRNA (guanine-N(7)-)-methyltransferase
OBCHJMAI_01188	CDS	1050	phoR	2.7.13.3	COG0642	Alkaline phosphatase synthesis sensor protein PhoR
OBCHJMAI_01189	CDS	672	phoB		COG0745	Phosphate regulon transcriptional regulatory protein PhoB
OBCHJMAI_01190	CDS	1038				hypothetical protein
OBCHJMAI_01191	CDS	1293	tyrS1	6.1.1.1	COG0162	Tyrosine--tRNA ligase 1
OBCHJMAI_01192	CDS	474				hypothetical protein
OBCHJMAI_01193	CDS	1341	pyrC_2	3.5.2.3	COG0044	Dihydroorotase
OBCHJMAI_01194	CDS	729	ppm1	2.4.1.-		Polyprenol monophosphomannose synthase
OBCHJMAI_01195	CDS	648				hypothetical protein
OBCHJMAI_01196	CDS	750				hypothetical protein
OBCHJMAI_01197	CDS	1578	pckA	4.1.1.49		Phosphoenolpyruvate carboxykinase (ATP)
OBCHJMAI_01198	CDS	429				hypothetical protein
OBCHJMAI_01199	CDS	153				hypothetical protein
OBCHJMAI_01200	CDS	141				hypothetical protein
OBCHJMAI_01201	CDS	483	cdd_2	3.5.4.5	COG0295	Cytidine deaminase
OBCHJMAI_01202	CDS	783				hypothetical protein
OBCHJMAI_01203	CDS	627				hypothetical protein
OBCHJMAI_01204	CDS	1020	pyrD	1.3.5.2	COG0167	Dihydroorotate dehydrogenase (quinone)
OBCHJMAI_01205	CDS	1746				hypothetical protein
OBCHJMAI_01206	CDS	624	rhtB		COG1280	Homoserine/homoserine lactone efflux protein
OBCHJMAI_01207	CDS	867	yngG	4.1.3.4	COG0119	Hydroxymethylglutaryl-CoA lyase YngG
OBCHJMAI_01208	CDS	318				hypothetical protein
OBCHJMAI_01209	CDS	1473	guaB	1.1.1.205	COG0516	Inosine-5'-monophosphate dehydrogenase
OBCHJMAI_01210	CDS	1653	prsA3	5.2.1.8	COG0760	Foldase protein PrsA 3
OBCHJMAI_01211	CDS	834				hypothetical protein
OBCHJMAI_01212	CDS	1371	surA_3	5.2.1.8	COG0760	Chaperone SurA
OBCHJMAI_01213	CDS	1140				hypothetical protein
OBCHJMAI_01214	CDS	447				hypothetical protein
OBCHJMAI_01215	CDS	840	crtB	2.5.1.99		All-trans-phytoene synthase
OBCHJMAI_01216	CDS	1461	crtN	1.3.8.2		Dehydrosqualene desaturase
OBCHJMAI_01217	tRNA	86				tRNA-Leu(gag)
OBCHJMAI_01218	CDS	3279				hypothetical protein
OBCHJMAI_01219	tRNA	74				tRNA-Lys(ttt)
OBCHJMAI_01220	CDS	513	aroK	2.7.1.71	COG0703	Shikimate kinase
OBCHJMAI_01221	CDS	498	pyrR_2			Bifunctional protein PyrR
OBCHJMAI_01222	CDS	978	fklB	5.2.1.8	COG0545	FKBP-type 22 kDa peptidyl-prolyl cis-trans isomerase
OBCHJMAI_01223	CDS	828				hypothetical protein
OBCHJMAI_01224	CDS	954	dxs_3	2.2.1.7	COG1154	1-deoxy-D-xylulose-5-phosphate synthase
OBCHJMAI_01225	CDS	681	tkt	2.2.1.1		Transketolase
OBCHJMAI_01226	CDS	339				hypothetical protein
OBCHJMAI_01227	CDS	372				hypothetical protein
OBCHJMAI_01228	CDS	1200	ald2	1.4.1.1		Alanine dehydrogenase 2
OBCHJMAI_01229	CDS	420	tsaE		COG0802	tRNA threonylcarbamoyladenosine biosynthesis protein TsaE
OBCHJMAI_01230	CDS	1545	srrA		COG0745	Transcriptional regulatory protein SrrA
OBCHJMAI_01231	CDS	300	lpxD	2.3.1.191	COG1044	UDP-3-O-(3-hydroxymyristoyl)glucosamine N-acyltransferase
OBCHJMAI_01232	CDS	1227	uvrA_1			UvrABC system protein A
OBCHJMAI_01233	CDS	1176				hypothetical protein
OBCHJMAI_01234	CDS	1080	gcvT	2.1.2.10	COG0404	Aminomethyltransferase
OBCHJMAI_01235	CDS	351				hypothetical protein
OBCHJMAI_01236	CDS	708			COG0217	putative transcriptional regulatory protein
OBCHJMAI_01237	CDS	558	alkA		COG0122	putative bifunctional transcriptional activator/DNA repair enzyme AlkA
OBCHJMAI_01238	CDS	555				hypothetical protein
OBCHJMAI_01239	CDS	723	kpsU	2.7.7.38	COG1212	3-deoxy-manno-octulosonate cytidylyltransferase
OBCHJMAI_01240	CDS	1425	recD2	3.6.4.12	COG0507	ATP-dependent RecD-like DNA helicase
OBCHJMAI_01241	CDS	759				hypothetical protein
OBCHJMAI_01242	CDS	2139				hypothetical protein
OBCHJMAI_01243	CDS	975	patA	2.6.1.82	COG4992	Putrescine aminotransferase
OBCHJMAI_01244	CDS	1578	lptD_2			LPS-assembly protein LptD
OBCHJMAI_01245	CDS	1272	purA	6.3.4.4	COG0104	Adenylosuccinate synthetase
OBCHJMAI_01246	CDS	453	fur		COG0735	Ferric uptake regulation protein
OBCHJMAI_01247	CDS	2211	relA	2.7.6.5	COG0317	GTP pyrophosphokinase
OBCHJMAI_01248	CDS	798	aviRb	2.1.1.208		23S rRNA (uridine(2479)-2'-O)-methyltransferase
OBCHJMAI_01249	CDS	1317	hutI_3	3.5.2.7		Imidazolonepropionase
OBCHJMAI_01250	CDS	2946	ade	3.5.4.2		Adenine deaminase
OBCHJMAI_01251	CDS	1068				hypothetical protein
OBCHJMAI_01252	CDS	1458	pepD	3.4.13.18	COG2195	Cytosol non-specific dipeptidase
OBCHJMAI_01253	CDS	1143	ppiB_3	5.2.1.8	COG0652	putative peptidyl-prolyl cis-trans isomerase
OBCHJMAI_01254	CDS	525				hypothetical protein
OBCHJMAI_01255	CDS	1017	nrnA	3.1.-.-	COG0618	putative bifunctional oligoribonuclease and PAP phosphatase NrnA
OBCHJMAI_01256	CDS	420	ndk	2.7.4.6	COG0105	Nucleoside diphosphate kinase
OBCHJMAI_01257	CDS	192	scoF		COG1278	Cold shock protein ScoF
OBCHJMAI_01258	CDS	537				hypothetical protein
OBCHJMAI_01259	CDS	288				hypothetical protein
OBCHJMAI_01260	CDS	414				hypothetical protein
OBCHJMAI_01261	CDS	222	recF_2			DNA replication and repair protein RecF
OBCHJMAI_01262	CDS	462	smpB_2			SsrA-binding protein
OBCHJMAI_01263	CDS	894	hbd	1.1.1.157	COG1250	3-hydroxybutyryl-CoA dehydrogenase
OBCHJMAI_01264	CDS	648	yggS		COG0325	Pyridoxal phosphate homeostasis protein
OBCHJMAI_01265	CDS	1185		3.1.-.-	COG0322	Putative bifunctional exonuclease/endonuclease protein
OBCHJMAI_01266	CDS	474				hypothetical protein
OBCHJMAI_01267	CDS	4380	dnaE	2.7.7.7	COG0587	DNA polymerase III subunit alpha
OBCHJMAI_01268	CDS	2340				hypothetical protein
OBCHJMAI_01269	CDS	321	trxA_2			Thioredoxin
OBCHJMAI_01270	tRNA	75				tRNA-Asp(gtc)
OBCHJMAI_01271	CDS	3066	susC_6			TonB-dependent receptor SusC
OBCHJMAI_01272	CDS	1461				SusD-like protein
OBCHJMAI_01273	CDS	2052				hypothetical protein
OBCHJMAI_01274	CDS	882				hypothetical protein
OBCHJMAI_01275	CDS	1095	bglA	3.2.1.73		Beta-glucanase
OBCHJMAI_01276	CDS	2268		3.2.1.21	COG1472	Beta-glucosidase BoGH3B
OBCHJMAI_01277	CDS	1041	degA		COG1609	HTH-type transcriptional regulator DegA
OBCHJMAI_01278	CDS	498				hypothetical protein
OBCHJMAI_01279	CDS	480				hypothetical protein
OBCHJMAI_01280	CDS	555	ruvC	3.1.22.4	COG0817	Crossover junction endodeoxyribonuclease RuvC
OBCHJMAI_01281	CDS	1128	hemN	1.3.99.-	COG0635	Oxygen-independent coproporphyrinogen-III oxidase-like protein YqeR
OBCHJMAI_01282	CDS	906	dapA_2	4.3.3.7	COG0329	4-hydroxy-tetrahydrodipicolinate synthase
OBCHJMAI_01283	CDS	1584		1.2.1.26		Alpha-ketoglutaric semialdehyde dehydrogenase
OBCHJMAI_01284	CDS	1731				hypothetical protein
OBCHJMAI_01285	CDS	1008		5.1.1.8	COG3938	4-hydroxyproline 2-epimerase
OBCHJMAI_01286	CDS	1248	dadA	1.4.99.-	COG0665	D-amino acid dehydrogenase
OBCHJMAI_01287	CDS	3030		5.1.1.21	COG0160	Isoleucine 2-epimerase
OBCHJMAI_01288	CDS	1419	dapE	3.5.1.18	COG0624	Succinyl-diaminopimelate desuccinylase
OBCHJMAI_01289	tRNA	83				tRNA-Leu(tag)
OBCHJMAI_01290	CDS	864	tesB	3.1.2.-	COG1946	Acyl-CoA thioesterase 2
OBCHJMAI_01291	CDS	1083				hypothetical protein
OBCHJMAI_01292	CDS	930				hypothetical protein
OBCHJMAI_01293	CDS	918				hypothetical protein
OBCHJMAI_01294	CDS	711	rluB	5.4.99.22	COG1187	Ribosomal large subunit pseudouridine synthase B
OBCHJMAI_01295	CDS	1911	acsA	6.2.1.1	COG0365	Acetyl-coenzyme A synthetase
OBCHJMAI_01296	CDS	1719	actP		COG4147	Cation/acetate symporter ActP
OBCHJMAI_01297	CDS	255				hypothetical protein
OBCHJMAI_01298	tRNA	83				tRNA-Leu(caa)
OBCHJMAI_01299	CDS	942	prs	2.7.6.1	COG0462	Ribose-phosphate pyrophosphokinase
OBCHJMAI_01300	CDS	672	rplY			50S ribosomal protein L25
OBCHJMAI_01301	CDS	570	pth	3.1.1.29	COG0193	Peptidyl-tRNA hydrolase
OBCHJMAI_01302	CDS	933	ribF		COG0196	Riboflavin biosynthesis protein RibF
OBCHJMAI_01303	CDS	1272	serS	6.1.1.11	COG0172	Serine--tRNA ligase
OBCHJMAI_01304	CDS	774	rsmA	2.1.1.182	COG0030	Ribosomal RNA small subunit methyltransferase A
OBCHJMAI_01305	CDS	1371			COG2239	Magnesium transporter MgtE
OBCHJMAI_01306	CDS	933		1.1.1.81	COG0111	Hydroxypyruvate reductase
OBCHJMAI_01307	CDS	417	arsC	1.20.4.4	COG0394	Arsenate reductase
OBCHJMAI_01308	CDS	1248	lysC	2.7.2.4	COG0527	Lysine-sensitive aspartokinase 3
OBCHJMAI_01309	CDS	471				hypothetical protein
OBCHJMAI_01310	CDS	1005	fbp	3.1.3.11	COG0158	Fructose-1,6-bisphosphatase class 1
OBCHJMAI_01311	CDS	903	lpxL	2.3.1.241	COG1560	Lipid A biosynthesis lauroyltransferase
OBCHJMAI_01312	CDS	1380	algC	5.4.2.2		Phosphomannomutase/phosphoglucomutase
OBCHJMAI_01313	CDS	1716	ggt	3.4.19.13	COG0405	Glutathione hydrolase proenzyme
OBCHJMAI_01314	CDS	2832	uvrA_2		COG0178	UvrABC system protein A
OBCHJMAI_01315	CDS	687	log	3.2.2.-	COG1611	Cytokinin riboside 5'-monophosphate phosphoribohydrolase
OBCHJMAI_01316	CDS	2580				hypothetical protein
OBCHJMAI_01317	CDS	2409	pdhB_2	1.2.4.1	COG0022	Pyruvate dehydrogenase E1 component subunit beta
OBCHJMAI_01318	CDS	1023	yqeN		COG1466	putative protein YqeN
OBCHJMAI_01319	CDS	441				hypothetical protein
OBCHJMAI_01320	CDS	993	wbbL_2	2.4.1.289	COG1216	N-acetylglucosaminyl-diphospho-decaprenol L-rhamnosyltransferase
OBCHJMAI_01321	CDS	852				hypothetical protein
OBCHJMAI_01322	CDS	2280	pcrA	3.6.4.12	COG0210	ATP-dependent DNA helicase PcrA
OBCHJMAI_01323	CDS	690				hypothetical protein
OBCHJMAI_01324	CDS	198				hypothetical protein
OBCHJMAI_01325	CDS	672				hypothetical protein
OBCHJMAI_01326	CDS	1089	ysdC	3.4.11.-	COG1363	Putative aminopeptidase YsdC
OBCHJMAI_01327	CDS	1374	atsA_1	3.1.6.1	COG3119	Arylsulfatase
OBCHJMAI_01328	CDS	633	acp			Sodium/proton-dependent alanine carrier protein
OBCHJMAI_01329	CDS	1533	guaA	6.3.5.2	COG0518	GMP synthase [glutamine-hydrolyzing]
OBCHJMAI_01330	CDS	267	bshC	6.-.-.-		Putative cysteine ligase BshC
OBCHJMAI_01331	CDS	282				hypothetical protein
OBCHJMAI_01332	CDS	1233			COG2081	putative protein
OBCHJMAI_01333	CDS	2133	dapb1	3.4.14.-		Dipeptidyl aminopeptidase BI
OBCHJMAI_01334	CDS	150				hypothetical protein
OBCHJMAI_01335	CDS	747				hypothetical protein
OBCHJMAI_01336	CDS	1245	susC_7			TonB-dependent receptor SusC
OBCHJMAI_01337	CDS	543				hypothetical protein
OBCHJMAI_01338	CDS	267				hypothetical protein
OBCHJMAI_01339	CDS	528	sigW		COG1595	ECF RNA polymerase sigma factor SigW
OBCHJMAI_01340	CDS	465				hypothetical protein
OBCHJMAI_01341	CDS	972				hypothetical protein
OBCHJMAI_01342	CDS	318				hypothetical protein
OBCHJMAI_01343	CDS	1599	atsA_2	3.1.6.1	COG3119	Arylsulfatase
OBCHJMAI_01344	CDS	1473		3.1.6.1	COG3119	Arylsulfatase
OBCHJMAI_01345	CDS	1452	betC_3	3.1.6.6	COG3119	Choline-sulfatase
OBCHJMAI_01346	CDS	1419	betC_4	3.1.6.6	COG3119	Choline-sulfatase
OBCHJMAI_01347	CDS	225				hypothetical protein
OBCHJMAI_01348	CDS	348				hypothetical protein
OBCHJMAI_01349	CDS	405				hypothetical protein
OBCHJMAI_01350	CDS	2781		3.4.21.-		Thermophilic serine proteinase
OBCHJMAI_01351	CDS	1938	bsn_2	3.1.-.-	COG2356	Extracellular ribonuclease
OBCHJMAI_01352	CDS	945	yrbG		COG0530	Inner membrane protein YrbG
OBCHJMAI_01353	CDS	315				hypothetical protein
OBCHJMAI_01354	CDS	168				hypothetical protein
OBCHJMAI_01355	CDS	1023	tsaD	2.3.1.234	COG0533	tRNA N6-adenosine threonylcarbamoyltransferase
OBCHJMAI_01356	CDS	441	rbsK/rbiA_2			Bifunctional ribokinase/ribose-5-phosphate isomerase A
OBCHJMAI_01357	CDS	1896	purF	2.4.2.14	COG0034	Amidophosphoribosyltransferase
OBCHJMAI_01358	CDS	606	sodA	1.15.1.1	COG0605	Superoxide dismutase [Mn]
OBCHJMAI_01359	CDS	3129	addA	3.1.-.-		ATP-dependent helicase/nuclease subunit A
OBCHJMAI_01360	CDS	591				hypothetical protein
OBCHJMAI_01361	CDS	1425	oprF_2		COG2885	Outer membrane porin F
